task,metric,tier,n_groups,top1_hit_rate,mean_regret_at_1,median_regret_at_1,mean_spearman,mean_abs_spearman
T1_select_source,prior_same_model_family,L3_discrete,6,0.3333333333333333,0.06133336015605289,0.01718892851679247,0.42114923610467186,0.42114923610467186
T1_select_source,diagnostic_rel_magnitude_z_abs_mean,other,7,0.2857142857142857,0.10827710518622326,0.019324209300761508,0.35174825174825175,0.41148851148851145
T1_select_source,prior_param_tier_jump,L3_discrete,5,0.2,0.10255878410424106,0.026042546504547327,0.3345445153388337,0.3345445153388337
T1_select_source,target_minus_source_nll,L2_text,7,0.14285714285714285,0.08816510850480642,0.027395704515054575,0.5073926073926074,0.6294705294705294
T1_select_source,rel_direction_l1_to_target,L1_mechanism,7,0.14285714285714285,0.18368093527903565,0.20444672530552288,-0.1252747252747253,0.3302697302697303
T1_select_source,rel_direction_rmse_to_target,L1_mechanism,7,0.14285714285714285,0.18368093527903565,0.20444672530552288,-0.1090909090909091,0.3204795204795205
T1_select_source,capacity_normalized_direction_rmse,L1_mechanism,7,0.14285714285714285,0.18368093527903565,0.20444672530552288,-0.1090909090909091,0.3204795204795205
T1_select_source,_z_neg_direction_rmse,other,7,0.14285714285714285,0.18368093527903565,0.20444672530552288,-0.1090909090909091,0.3204795204795205
T1_select_source,combined_hidden_direction_score,L4_composite,7,0.14285714285714285,0.18368093527903565,0.20444672530552288,-0.1090909090909091,0.3204795204795205
T1_select_source,combined_param_direction_score,L4_composite,7,0.14285714285714285,0.18368093527903565,0.20444672530552288,-0.1090909090909091,0.3204795204795205
T1_select_source,pair_normalized_direction_rmse,L1_pair_compatibility,7,0.14285714285714285,0.2393249742223267,0.20444672530552288,-0.1053946053946054,0.32017982017982016
T1_select_source,_z_neg_pair_norm_direction_rmse,other,7,0.14285714285714285,0.2393249742223267,0.20444672530552288,-0.1053946053946054,0.32017982017982016
T1_select_source,diagnostic_target_direction_std_mean,other,7,0.14285714285714285,0.18537338789868935,0.06027038682566255,-0.08750232041565416,0.29138970066360764
T1_select_source,source_target_direction_dispersion_gap,L1_pair_compatibility,7,0.14285714285714285,0.06693651926827368,0.051088952647243634,-0.14085914085914086,0.26873126873126874
T1_select_source,_z_neg_direction_dispersion_gap,other,7,0.14285714285714285,0.06693651926827368,0.051088952647243634,-0.14085914085914086,0.26873126873126874
T1_select_source,target_readability_tail_frac,L1_pair_compatibility,7,0.14285714285714285,0.17324610643880597,0.12686904670790333,-0.12013215829247416,0.2653420850136965
T1_select_source,_z_neg_target_readability_tail,other,7,0.14285714285714285,0.17324610643880597,0.12686904670790333,-0.12013215829247416,0.2653420850136965
T1_select_source,prior_log_param_ratio_target_over_source,L3_discrete,7,0.14285714285714285,0.0490992177475761,0.026042546504547327,0.2546613057926338,0.2546613057926338
T1_select_source,_z_log_param_ratio,other,7,0.14285714285714285,0.0490992177475761,0.026042546504547327,0.2546613057926338,0.2546613057926338
T1_select_source,diagnostic_source_direction_std_mean,other,7,0.14285714285714285,0.09030519352490247,0.051088952647243634,-0.15534465534465536,0.25424575424575424
T1_select_source,rel_magnitude_rmse_to_target,L1_mechanism,7,0.14285714285714285,0.04932508528753332,0.026042546504547327,0.17122877122877123,0.24115884115884118
T1_select_source,_z_neg_magnitude_rmse,other,7,0.14285714285714285,0.04932508528753332,0.026042546504547327,0.17122877122877123,0.24115884115884118
T1_select_source,rel_magnitude_l1_to_target,L1_mechanism,7,0.14285714285714285,0.04932508528753332,0.026042546504547327,0.16423576423576422,0.23416583416583417
T1_select_source,diagnostic_target_magnitude_std_mean,other,7,0.14285714285714285,0.13975890192258247,0.027395704515054575,0.13876880170079328,0.20766961836102266
T1_select_source,diagnostic_target_magnitude_std_min,other,7,0.14285714285714285,0.13975890192258247,0.027395704515054575,0.13876880170079328,0.20766961836102266
T1_select_source,target_direction_subspace_residual,L1_mechanism,7,0.14285714285714285,0.3014511949918189,0.06027038682566255,-0.026473526473526472,0.1943056943056943
T1_select_source,_z_neg_subspace_residual,other,7,0.14285714285714285,0.3014511949918189,0.06027038682566255,-0.026473526473526472,0.1943056943056943
T1_select_source,target_readability_energy,L1_pair_compatibility,7,0.14285714285714285,0.11872403759090802,0.0194059060285533,0.0884115884115884,0.13736263736263737
T1_select_source,_z_target_readability_energy,other,7,0.14285714285714285,0.11872403759090802,0.0194059060285533,0.0884115884115884,0.13736263736263737
T1_select_source,source_native_nll,L2_text,7,0.0,0.412873049543787,0.25961787824720306,-0.5073926073926074,0.6294705294705294
T1_select_source,_z_neg_source_native_nll,other,7,0.0,0.412873049543787,0.25961787824720306,-0.5073926073926074,0.6294705294705294
T1_select_source,combined_hidden_source_quality_score,L4_composite,7,0.0,0.412873049543787,0.25961787824720306,-0.5073926073926074,0.6294705294705294
T1_select_source,target_magnitude_tail_frac,L1_pair_compatibility,1,0.0,0.027395704515054575,0.027395704515054575,0.5214300219176456,0.5214300219176456
T1_select_source,_z_neg_target_magnitude_tail,other,1,0.0,0.027395704515054575,0.027395704515054575,0.5214300219176456,0.5214300219176456
T1_select_source,prior_cross_model_family,other,6,0.0,0.19275559764948993,0.12067977798138413,-0.42114923610467186,0.42114923610467186
T1_select_source,target_readability_cross_entropy,L1_pair_compatibility,7,0.0,0.1720767020008724,0.1612005653282187,-0.06583416583416583,0.3257742257742258
T1_select_source,_z_neg_target_readability_ce,other,7,0.0,0.1720767020008724,0.1612005653282187,-0.06583416583416583,0.3257742257742258
T1_select_source,diagnostic_target_direction_entropy,other,7,0.0,0.11746718805205558,0.09709253928933193,-0.07607932687518315,0.31974385286068613
T1_select_source,source_target_direction_entropy_gap,L1_pair_compatibility,7,0.0,0.3352082461845027,0.37800278794979325,-0.3034965034965035,0.3034965034965035
T1_select_source,_z_neg_direction_entropy_gap,other,7,0.0,0.3352082461845027,0.37800278794979325,-0.3034965034965035,0.3034965034965035
T1_select_source,diagnostic_source_direction_entropy_mean,other,7,0.0,0.27427516068789654,0.14426701667343633,-0.29230769230769227,0.29230769230769227
T1_select_source,anchor_direction_js_to_target,L1_mechanism,7,0.0,0.4330182695016552,0.37800278794979325,-0.2712287712287712,0.28921078921078924
T1_select_source,_z_neg_anchor_js,other,7,0.0,0.4330182695016552,0.37800278794979325,-0.2712287712287712,0.28921078921078924
T1_select_source,combined_hidden_js_score,L4_composite,7,0.0,0.4330182695016552,0.37800278794979325,-0.2712287712287712,0.28921078921078924
T1_select_source,abs_log_hidden_ratio,other,7,0.0,0.26015075465970366,0.12686904670790333,-0.10319581950884993,0.28744712971713343
T1_select_source,source_to_target_anchor_kl,L1_pair_compatibility,7,0.0,0.4330182695016552,0.37800278794979325,-0.2692307692307692,0.2872127872127872
T1_select_source,_z_neg_source_to_target_kl,other,7,0.0,0.4330182695016552,0.37800278794979325,-0.2692307692307692,0.2872127872127872
T1_select_source,diagnostic_rel_direction_z2_mean,other,7,0.0,0.2413089518143358,0.25961787824720306,-0.2110889110889111,0.2824175824175824
T1_select_source,target_readability_z2_mean,L1_pair_compatibility,7,0.0,0.2413089518143358,0.25961787824720306,-0.2110889110889111,0.2824175824175824
T1_select_source,_z_neg_target_readability_z2,other,7,0.0,0.2413089518143358,0.25961787824720306,-0.2110889110889111,0.2824175824175824
T1_select_source,source_target_top_anchor_overlap,L1_pair_compatibility,7,0.0,0.2084877366883977,0.27522837477553913,-0.07732267732267732,0.2763236763236763
T1_select_source,_z_top_anchor_overlap,other,7,0.0,0.2084877366883977,0.27522837477553913,-0.07732267732267732,0.2763236763236763
T1_select_source,combined_ratio_direction_score,L4_composite,7,0.0,0.06156943465019128,0.051088952647243634,0.13296703296703297,0.2668331668331668
T1_select_source,source_hidden_size,other,7,0.0,0.19204627829698126,0.09072202323606315,-0.2628618174509145,0.2628618174509145
T1_select_source,memory_target_norm_gap,other,7,0.0,0.20404620474745358,0.09709253928933193,-0.04055944055944056,0.25834165834165834
T1_select_source,prior_source_param_b,other,7,0.0,0.19204627829698126,0.09072202323606315,-0.2546613057926338,0.2546613057926338
T1_select_source,pair_geometry_compatibility_score,L1_pair_compatibility,7,0.0,0.10905729004066864,0.08279100925399259,0.019180819180819184,0.202997002997003
T1_select_source,diagnostic_target_direction_std_min,other,7,0.0,0.10847680605642288,0.05381681434465557,0.0962847503072176,0.12387358171209004
T2_select_target,target_magnitude_tail_frac,L1_pair_compatibility,2,1.0,0.0,0.0,0.6546536707079772,0.6546536707079772
T2_select_target,_z_neg_target_magnitude_tail,other,2,1.0,0.0,0.0,0.6546536707079772,0.6546536707079772
T2_select_target,rel_direction_l1_to_target,L1_mechanism,14,0.7857142857142857,0.07135073442796482,0.0,0.46530612244897956,0.4857142857142857
T2_select_target,rel_direction_rmse_to_target,L1_mechanism,14,0.7857142857142857,0.07135073442796482,0.0,0.46530612244897956,0.4857142857142857
T2_select_target,capacity_normalized_direction_rmse,L1_mechanism,14,0.7857142857142857,0.07135073442796482,0.0,0.46530612244897956,0.4857142857142857
T2_select_target,pair_normalized_direction_rmse,L1_pair_compatibility,14,0.7857142857142857,0.07135073442796482,0.0,0.46530612244897956,0.4857142857142857
T2_select_target,_z_neg_direction_rmse,other,14,0.7857142857142857,0.07135073442796482,0.0,0.46530612244897956,0.4857142857142857
T2_select_target,_z_neg_pair_norm_direction_rmse,other,14,0.7857142857142857,0.07135073442796482,0.0,0.46530612244897956,0.4857142857142857
T2_select_target,diagnostic_rel_magnitude_z_abs_mean,other,14,0.7142857142857143,0.17465537717594307,0.0,0.5387755102040817,0.6612244897959183
T2_select_target,diagnostic_target_magnitude_std_mean,other,14,0.7142857142857143,0.17465537717594307,0.0,0.5387755102040817,0.6612244897959183
T2_select_target,diagnostic_target_magnitude_std_min,other,14,0.7142857142857143,0.17465537717594307,0.0,0.5387755102040817,0.6612244897959183
T2_select_target,combined_ratio_direction_score,L4_composite,14,0.7142857142857143,0.14188472357261755,0.0,0.5224489795918367,0.5346938775510204
T2_select_target,combined_param_direction_score,L4_composite,14,0.5714285714285714,0.22186818586618767,0.0,0.5102040816326531,0.5224489795918367
T2_select_target,pair_geometry_compatibility_score,L1_pair_compatibility,14,0.5,0.20216105332771678,0.0003086055568908286,0.39591836734693875,0.4163265306122449
T2_select_target,diagnostic_rel_direction_z2_mean,other,14,0.42857142857142855,0.2772410168785505,0.19749036921312457,0.17959183673469387,0.40408163265306124
T2_select_target,target_readability_z2_mean,L1_pair_compatibility,14,0.42857142857142855,0.2772410168785505,0.19749036921312457,0.17959183673469387,0.40408163265306124
T2_select_target,_z_neg_target_readability_z2,other,14,0.42857142857142855,0.2772410168785505,0.19749036921312457,0.17959183673469387,0.40408163265306124
T2_select_target,target_hidden_size,L0_baseline,14,0.35714285714285715,0.30019777670341535,0.2384312065093503,0.7455823290292016,0.7455823290292016
T2_select_target,_z_target_hidden_size,L0_baseline,14,0.35714285714285715,0.30019777670341535,0.2384312065093503,0.7455823290292016,0.7455823290292016
T2_select_target,combined_hidden_source_quality_score,L4_composite,14,0.35714285714285715,0.30145280369254107,0.2384312065093503,0.7304276475124016,0.7304276475124016
T2_select_target,prior_target_param_b,L0_baseline,14,0.35714285714285715,0.30019777670341535,0.2384312065093503,0.6585501499468484,0.6585501499468484
T2_select_target,prior_log_param_ratio_target_over_source,L3_discrete,14,0.35714285714285715,0.30019777670341535,0.2384312065093503,0.6585501499468484,0.6585501499468484
T2_select_target,_z_prior_target_param_b,L0_baseline,14,0.35714285714285715,0.30019777670341535,0.2384312065093503,0.6585501499468484,0.6585501499468484
T2_select_target,_z_log_param_ratio,other,14,0.35714285714285715,0.30019777670341535,0.2384312065093503,0.6585501499468484,0.6585501499468484
T2_select_target,combined_hidden_direction_score,L4_composite,14,0.35714285714285715,0.30019777670341535,0.2384312065093503,0.5510204081632654,0.5510204081632654
T2_select_target,target_readability_tail_frac,L1_pair_compatibility,14,0.35714285714285715,0.31097504075125276,0.2384312065093503,0.3088633284538157,0.5159244126154043
T2_select_target,_z_neg_target_readability_tail,other,14,0.35714285714285715,0.31097504075125276,0.2384312065093503,0.3088633284538157,0.5159244126154043
T2_select_target,anchor_direction_js_to_target,L1_mechanism,14,0.35714285714285715,0.29732338582115725,0.26125891170550863,0.4244897959183674,0.4448979591836735
T2_select_target,_z_neg_anchor_js,other,14,0.35714285714285715,0.29732338582115725,0.26125891170550863,0.4244897959183674,0.4448979591836735
T2_select_target,source_target_top_anchor_overlap,L1_pair_compatibility,14,0.35714285714285715,0.38923676142057134,0.3524277521538481,0.0021004053567011665,0.4429167318873134
T2_select_target,_z_top_anchor_overlap,other,14,0.35714285714285715,0.38923676142057134,0.3524277521538481,0.0021004053567011665,0.4429167318873134
T2_select_target,abs_log_hidden_ratio,other,14,0.2857142857142857,0.5350939504613657,0.5471271497440475,0.10332489444746822,0.7694769054196441
T2_select_target,source_target_direction_dispersion_gap,L1_pair_compatibility,14,0.2857142857142857,0.35019416814539667,0.4319223818315804,0.5438775510204081,0.5438775510204081
T2_select_target,_z_neg_direction_dispersion_gap,other,14,0.2857142857142857,0.35019416814539667,0.4319223818315804,0.5438775510204081,0.5438775510204081
T2_select_target,diagnostic_target_direction_std_min,other,14,0.2857142857142857,0.5699053893376538,0.5620398592361296,-0.5142857142857143,0.5428571428571429
T2_select_target,source_to_target_anchor_kl,L1_pair_compatibility,14,0.2857142857142857,0.3399156930287138,0.47555451119151526,0.4244897959183674,0.4448979591836735
T2_select_target,_z_neg_source_to_target_kl,other,14,0.2857142857142857,0.3399156930287138,0.47555451119151526,0.4244897959183674,0.4448979591836735
T2_select_target,source_target_direction_entropy_gap,L1_pair_compatibility,14,0.2857142857142857,0.3970471441323787,0.41234896462585424,0.36224489795918363,0.4336734693877551
T2_select_target,_z_neg_direction_entropy_gap,other,14,0.2857142857142857,0.3970471441323787,0.41234896462585424,0.36224489795918363,0.4336734693877551
T2_select_target,target_readability_cross_entropy,L1_pair_compatibility,14,0.21428571428571427,0.4282863173028386,0.5438312067854991,0.4010204081632653,0.4214285714285714
T2_select_target,diagnostic_target_direction_entropy,other,14,0.21428571428571427,0.378316418444031,0.5134325755157789,0.4010204081632653,0.4214285714285714
T2_select_target,_z_neg_target_readability_ce,other,14,0.21428571428571427,0.4282863173028386,0.5438312067854991,0.4010204081632653,0.4214285714285714
T2_select_target,combined_hidden_js_score,L4_composite,14,0.14285714285714285,0.4270753768218402,0.5438312067854991,0.5795918367346938,0.5795918367346938
T2_select_target,source_native_nll,L2_text,7,0.14285714285714285,0.823150439758672,0.7579507346237734,-0.2061224489795918,0.5163265306122449
T2_select_target,_z_neg_source_native_nll,other,7,0.14285714285714285,0.823150439758672,0.7579507346237734,-0.2061224489795918,0.5163265306122449
T2_select_target,prior_param_tier_jump,L3_discrete,14,0.07142857142857142,0.39884229783894093,0.46778515989158054,0.060212195148724966,0.5629742455267259
T2_select_target,target_text_nll,L2_text,14,0.07142857142857142,0.4441561564453885,0.5134325755157789,0.24591836734693875,0.3071428571428571
T2_select_target,target_minus_source_nll,L2_text,14,0.07142857142857142,0.4441561564453885,0.5134325755157789,0.24591836734693875,0.3071428571428571
T2_select_target,target_readability_energy,L1_pair_compatibility,14,0.0,0.5765350796278753,0.5663841676593773,-0.11020408163265306,0.5877551020408163
T2_select_target,_z_target_readability_energy,other,14,0.0,0.5765350796278753,0.5663841676593773,-0.11020408163265306,0.5877551020408163
T2_select_target,memory_target_norm_gap,other,14,0.0,0.7582426519732719,0.7608422054249593,-0.573469387755102,0.573469387755102
T2_select_target,diagnostic_target_direction_std_mean,other,14,0.0,0.646851943888893,0.640006891250398,-0.5479591836734694,0.5479591836734694
T2_select_target,target_direction_subspace_residual,L1_mechanism,14,0.0,0.48249749034727507,0.49812487434742797,-0.46530612244897956,0.4857142857142857
T2_select_target,_z_neg_subspace_residual,other,14,0.0,0.48249749034727507,0.49812487434742797,-0.46530612244897956,0.4857142857142857
T2_select_target,rel_magnitude_rmse_to_target,L1_mechanism,14,0.0,0.5854004030898053,0.5777149415534373,-0.2785714285714286,0.4418367346938776
T2_select_target,_z_neg_magnitude_rmse,other,14,0.0,0.5854004030898053,0.5777149415534373,-0.2785714285714286,0.4418367346938776
T2_select_target,rel_magnitude_l1_to_target,L1_mechanism,14,0.0,0.5662153360629213,0.5777149415534373,-0.16020408163265307,0.37448979591836734
T2_select_target,diagnostic_source_direction_std_mean,other,14,0.0,0.7313269992528538,0.5456275807140001,-0.024454411479765036,0.3495165556515346
T2_select_target,diagnostic_source_direction_entropy_mean,other,14,0.0,0.5839903578481327,0.5853907139658538,0.0845040170240872,0.34105767347975263
T2_select_target,prior_same_model_family,L3_discrete,12,0.0,0.7694779123783712,0.7469333234271329,0.017251638983558856,0.29327786272050055
T2_select_target,prior_cross_model_family,other,12,0.0,0.599837187481227,0.5438312067854991,-0.017251638983558856,0.29327786272050055
