compressor,metric,n,pearson,spearman
gpt2:llama1b,diagnostic_rel_magnitude_z_abs_mean,5,-0.9724219603171074,-0.8
gpt2:llama1b,diagnostic_target_magnitude_std_mean,5,0.9542451291186493,0.8
gpt2:llama1b,diagnostic_target_magnitude_std_min,5,0.9542451346966512,0.8
gpt2:llama1b,prior_target_param_b,5,0.7926864047291041,0.7378647873726218
gpt2:llama1b,prior_log_param_ratio_target_over_source,5,0.7897595910736483,0.7378647873726218
gpt2:llama1b,_z_prior_target_param_b,5,0.7926864047291041,0.7378647873726218
gpt2:llama1b,_z_log_param_ratio,5,0.7897595910736483,0.7378647873726218
gpt2:llama1b,prior_param_tier_jump,5,0.5407920398494365,0.7071067811865475
gpt2:llama1b,target_hidden_size,5,0.7447552678820161,0.7
gpt2:llama1b,_z_target_hidden_size,5,0.7447552678820161,0.7
gpt2:llama1b,combined_hidden_source_quality_score,5,0.7463563159418514,0.7
gpt2:llama1b,rel_magnitude_rmse_to_target,5,0.00014970322655374207,0.6
gpt2:llama1b,abs_log_hidden_ratio,5,0.64985082479582,0.6
gpt2:llama1b,source_target_top_anchor_overlap,5,-0.41641766495398214,-0.6
gpt2:llama1b,_z_neg_magnitude_rmse,5,-0.0001497032265536218,-0.6
gpt2:llama1b,_z_top_anchor_overlap,5,-0.4164176649539822,-0.6
gpt2:llama1b,combined_hidden_direction_score,5,0.7001645776219291,0.5
gpt2:llama1b,combined_hidden_js_score,5,0.677851562299625,0.5
gpt2:llama1b,rel_direction_l1_to_target,5,-0.4114017228170882,-0.4
gpt2:llama1b,rel_direction_rmse_to_target,5,-0.4186390755580405,-0.4
gpt2:llama1b,anchor_direction_js_to_target,5,-0.37446434778689275,-0.4
gpt2:llama1b,target_direction_subspace_residual,5,0.8005320381059368,0.4
gpt2:llama1b,capacity_normalized_direction_rmse,5,-0.46712710165478355,-0.4
gpt2:llama1b,diagnostic_rel_direction_z2_mean,5,-0.2708947602021359,-0.4
gpt2:llama1b,pair_normalized_direction_rmse,5,-0.4501086365669551,-0.4
gpt2:llama1b,target_readability_z2_mean,5,-0.2699207228476739,-0.4
gpt2:llama1b,target_readability_tail_frac,5,-0.021600193358864494,-0.4
gpt2:llama1b,source_to_target_anchor_kl,5,-0.386231018439019,-0.4
gpt2:llama1b,target_readability_energy,5,-0.3138034739957491,-0.4
gpt2:llama1b,_z_neg_direction_rmse,5,0.4186390755580404,0.4
gpt2:llama1b,_z_neg_anchor_js,5,0.37446434778689275,0.4
gpt2:llama1b,_z_neg_subspace_residual,5,-0.8005320381059369,-0.4
gpt2:llama1b,_z_neg_pair_norm_direction_rmse,5,0.45010863656695504,0.4
gpt2:llama1b,_z_neg_target_readability_z2,5,0.2699207228476739,0.4
gpt2:llama1b,_z_neg_target_readability_tail,5,0.0216001933588645,0.4
gpt2:llama1b,_z_neg_source_to_target_kl,5,0.3862310184390191,0.4
gpt2:llama1b,_z_target_readability_energy,5,-0.31380347399574915,-0.4
gpt2:llama1b,combined_param_direction_score,5,0.6359059111496339,0.4
gpt2:llama1b,combined_ratio_direction_score,5,0.5947459743537582,0.4
gpt2:llama1b,pair_geometry_compatibility_score,5,0.16419709423509582,0.4
gpt2:llama1b,prior_same_model_family,5,0.04903485131313668,0.35355339059327373
gpt2:llama1b,prior_cross_model_family,5,-0.04903485131313665,-0.35355339059327373
gpt2:llama1b,rel_magnitude_l1_to_target,5,-0.03592193676204564,0.3
gpt2:llama1b,memory_target_norm_gap,5,0.16227542692369326,0.3
gpt2:llama1b,diagnostic_source_direction_entropy_mean,5,-0.03215551686373869,0.22360679774997896
gpt2:llama1b,diagnostic_source_direction_std_mean,5,0.02733705962901839,-0.22360679774997896
gpt2:llama1b,diagnostic_target_direction_std_mean,5,-0.34219908402183624,-0.2
gpt2:llama1b,target_text_nll,5,-0.3701067945872482,-0.2
gpt2:llama1b,source_native_nll,5,0.03843746575256134,-0.2
gpt2:llama1b,target_minus_source_nll,5,-0.36937547034397544,-0.2
gpt2:llama1b,target_readability_cross_entropy,5,-0.3809893732804123,-0.2
gpt2:llama1b,source_target_direction_dispersion_gap,5,-0.3145872528601158,-0.2
gpt2:llama1b,diagnostic_target_direction_entropy,5,0.3316651030960685,0.2
gpt2:llama1b,_z_neg_target_readability_ce,5,0.3809893732804123,0.2
gpt2:llama1b,_z_neg_direction_dispersion_gap,5,0.3145872528601159,0.2
gpt2:llama1b,_z_neg_source_native_nll,5,-0.03843746575257091,0.2
gpt2:llama1b,diagnostic_target_direction_std_min,5,0.35036967364736593,0.0
gpt2:llama1b,source_target_direction_entropy_gap,5,0.03365065251512679,0.0
gpt2:llama1b,_z_neg_direction_entropy_gap,5,-0.0336506525151268,0.0
gpt2:llama3b,diagnostic_rel_magnitude_z_abs_mean,6,-0.5457051661676297,-0.9428571428571428
gpt2:llama3b,diagnostic_target_magnitude_std_mean,6,0.20503081189163483,0.9428571428571428
gpt2:llama3b,diagnostic_target_magnitude_std_min,6,0.20503080218647277,0.9428571428571428
gpt2:llama3b,source_native_nll,6,0.8030924281308639,0.8857142857142857
gpt2:llama3b,_z_neg_source_native_nll,6,-0.8030924281308645,-0.8857142857142857
gpt2:llama3b,abs_log_hidden_ratio,6,-0.830808674787858,-0.8827348295047495
gpt2:llama3b,rel_direction_l1_to_target,6,-0.5000906071373552,-0.7714285714285715
gpt2:llama3b,rel_direction_rmse_to_target,6,-0.5016688216323919,-0.7714285714285715
gpt2:llama3b,memory_target_norm_gap,6,0.22960964832692604,0.7714285714285715
gpt2:llama3b,capacity_normalized_direction_rmse,6,-0.5153747377250961,-0.7714285714285715
gpt2:llama3b,pair_normalized_direction_rmse,6,-0.5462201831176636,-0.7714285714285715
gpt2:llama3b,_z_neg_direction_rmse,6,0.5016688216323919,0.7714285714285715
gpt2:llama3b,_z_neg_pair_norm_direction_rmse,6,0.5462201831176635,0.7714285714285715
gpt2:llama3b,target_direction_subspace_residual,6,0.7366711499093541,0.7142857142857143
gpt2:llama3b,diagnostic_rel_direction_z2_mean,6,-0.39263920256111134,-0.7142857142857143
gpt2:llama3b,target_readability_z2_mean,6,-0.39359387305779964,-0.7142857142857143
gpt2:llama3b,target_readability_tail_frac,6,-0.054866108924575954,-0.7142857142857143
gpt2:llama3b,source_target_direction_entropy_gap,6,-0.17552116469594675,-0.7142857142857143
gpt2:llama3b,_z_neg_subspace_residual,6,-0.7366711499093542,-0.7142857142857143
gpt2:llama3b,_z_neg_target_readability_z2,6,0.39359387305779964,0.7142857142857143
gpt2:llama3b,_z_neg_target_readability_tail,6,0.05486610892457595,0.7142857142857143
gpt2:llama3b,_z_neg_direction_entropy_gap,6,0.1755211646959467,0.7142857142857143
gpt2:llama3b,combined_param_direction_score,6,0.589260244576534,0.7142857142857143
gpt2:llama3b,combined_ratio_direction_score,6,0.5316926530342326,0.7142857142857143
gpt2:llama3b,target_hidden_size,6,0.6729436919328544,0.7061878636037996
gpt2:llama3b,_z_target_hidden_size,6,0.6729436919328544,0.7061878636037996
gpt2:llama3b,prior_param_tier_jump,6,0.39911074983201955,0.6761234037828133
gpt2:llama3b,prior_target_param_b,6,0.647159122443477,0.6667366910003157
gpt2:llama3b,prior_log_param_ratio_target_over_source,6,0.5633791661361898,0.6667366910003157
gpt2:llama3b,_z_prior_target_param_b,6,0.6471591224434772,0.6667366910003157
gpt2:llama3b,_z_log_param_ratio,6,0.5633791661361898,0.6667366910003157
gpt2:llama3b,combined_hidden_source_quality_score,6,0.671276359519669,0.6571428571428571
gpt2:llama3b,diagnostic_target_direction_std_mean,6,-0.35290715975381814,-0.6
gpt2:llama3b,source_target_direction_dispersion_gap,6,-0.35279340713046436,-0.6
gpt2:llama3b,diagnostic_target_direction_entropy,6,0.4046683691834667,0.6
gpt2:llama3b,_z_neg_direction_dispersion_gap,6,0.3527934071304644,0.6
gpt2:llama3b,combined_hidden_direction_score,6,0.624862543371631,0.6
gpt2:llama3b,pair_geometry_compatibility_score,6,0.3524276435346572,0.6
gpt2:llama3b,anchor_direction_js_to_target,6,-0.442082850665304,-0.5428571428571428
gpt2:llama3b,target_readability_cross_entropy,6,-0.4514633784599306,-0.5428571428571428
gpt2:llama3b,source_to_target_anchor_kl,6,-0.4535773171130491,-0.5428571428571428
gpt2:llama3b,_z_neg_anchor_js,6,0.4420828506653041,0.5428571428571428
gpt2:llama3b,_z_neg_target_readability_ce,6,0.4514633784599306,0.5428571428571428
gpt2:llama3b,_z_neg_source_to_target_kl,6,0.45357731711304905,0.5428571428571428
gpt2:llama3b,combined_hidden_js_score,6,0.5990538088937718,0.5428571428571428
gpt2:llama3b,rel_magnitude_l1_to_target,6,0.06044421095364872,0.42857142857142855
gpt2:llama3b,rel_magnitude_rmse_to_target,6,0.09711487115739453,0.42857142857142855
gpt2:llama3b,_z_neg_magnitude_rmse,6,-0.09711487115739427,-0.42857142857142855
gpt2:llama3b,diagnostic_source_direction_std_mean,6,-0.14389513388673403,-0.39466488146729556
gpt2:llama3b,target_text_nll,6,-0.2580860265038686,-0.37142857142857144
gpt2:llama3b,target_minus_source_nll,6,-0.26581836211048365,-0.37142857142857144
gpt2:llama3b,diagnostic_source_direction_entropy_mean,6,0.050629436144268354,0.2125118592516207
gpt2:llama3b,prior_same_model_family,6,0.08216595860353001,0.20701966780270628
gpt2:llama3b,prior_cross_model_family,6,-0.08216595860353,-0.20701966780270628
gpt2:llama3b,source_target_top_anchor_overlap,6,0.09138378943145023,0.14285714285714285
gpt2:llama3b,_z_top_anchor_overlap,6,0.0913837894314502,0.14285714285714285
gpt2:llama3b,diagnostic_target_direction_std_min,6,-0.0860630224263623,-0.08571428571428572
gpt2:llama3b,target_readability_energy,6,-0.05269191345526943,-0.08571428571428572
gpt2:llama3b,_z_target_readability_energy,6,-0.05269191345526944,-0.08571428571428572
gpt2:llama8b,source_target_top_anchor_overlap,6,0.831691693604088,0.7714285714285715
gpt2:llama8b,_z_top_anchor_overlap,6,0.8316916936040879,0.7714285714285715
gpt2:llama8b,diagnostic_rel_magnitude_z_abs_mean,6,-0.9051099356555882,-0.7142857142857143
gpt2:llama8b,diagnostic_target_magnitude_std_mean,6,0.8944010151452828,0.7142857142857143
gpt2:llama8b,diagnostic_target_magnitude_std_min,6,0.8944010540471142,0.7142857142857143
gpt2:llama8b,target_hidden_size,6,0.6767010138105091,0.5217939320872036
gpt2:llama8b,abs_log_hidden_ratio,6,-0.7074825275088255,-0.5217939320872036
gpt2:llama8b,_z_target_hidden_size,6,0.676701013810509,0.5217939320872036
gpt2:llama8b,memory_target_norm_gap,6,0.15775192337242833,0.42857142857142855
gpt2:llama8b,combined_hidden_source_quality_score,6,0.6759688949823822,0.42857142857142855
gpt2:llama8b,prior_same_model_family,6,0.10948483823104596,0.41403933560541256
gpt2:llama8b,prior_cross_model_family,6,-0.10948483823104595,-0.41403933560541256
gpt2:llama8b,prior_param_tier_jump,6,-0.6841443624001515,-0.41403933560541256
gpt2:llama8b,diagnostic_source_direction_std_mean,6,-0.08306268683248694,-0.37032803990902063
gpt2:llama8b,prior_target_param_b,6,0.6297476378142726,0.23539595453459985
gpt2:llama8b,prior_log_param_ratio_target_over_source,6,0.5167639669722899,0.23539595453459985
gpt2:llama8b,_z_prior_target_param_b,6,0.6297476378142726,0.23539595453459985
gpt2:llama8b,_z_log_param_ratio,6,0.5167639669722899,0.23539595453459985
gpt2:llama8b,diagnostic_source_direction_entropy_mean,6,0.09376024190806508,0.18516401995451032
gpt2:llama8b,rel_direction_l1_to_target,6,-0.31447733610236106,-0.14285714285714285
gpt2:llama8b,rel_direction_rmse_to_target,6,-0.31462121216795097,-0.14285714285714285
gpt2:llama8b,rel_magnitude_l1_to_target,6,0.08501480489390502,0.14285714285714285
gpt2:llama8b,rel_magnitude_rmse_to_target,6,0.09948930244645003,0.14285714285714285
gpt2:llama8b,target_direction_subspace_residual,6,0.7212352429319424,0.14285714285714285
gpt2:llama8b,capacity_normalized_direction_rmse,6,-0.34487911495101226,-0.14285714285714285
gpt2:llama8b,diagnostic_rel_direction_z2_mean,6,-0.2077694510722641,-0.14285714285714285
gpt2:llama8b,pair_normalized_direction_rmse,6,-0.36937558962094125,-0.14285714285714285
gpt2:llama8b,target_readability_z2_mean,6,-0.20757672137949007,-0.14285714285714285
gpt2:llama8b,_z_neg_direction_rmse,6,0.3146212121679509,0.14285714285714285
gpt2:llama8b,_z_neg_magnitude_rmse,6,-0.09948930244645,-0.14285714285714285
gpt2:llama8b,_z_neg_subspace_residual,6,-0.7212352429319425,-0.14285714285714285
gpt2:llama8b,_z_neg_pair_norm_direction_rmse,6,0.36937558962094125,0.14285714285714285
gpt2:llama8b,_z_neg_target_readability_z2,6,0.20757672137949013,0.14285714285714285
gpt2:llama8b,pair_geometry_compatibility_score,6,0.22917706919369582,0.14285714285714285
gpt2:llama8b,diagnostic_target_direction_std_mean,6,-0.19015609294628855,0.08571428571428572
gpt2:llama8b,target_text_nll,6,-0.17089568464587485,0.08571428571428572
gpt2:llama8b,source_native_nll,6,-0.2339162951723017,-0.08571428571428572
gpt2:llama8b,target_minus_source_nll,6,-0.1694533626811058,0.08571428571428572
gpt2:llama8b,source_target_direction_dispersion_gap,6,-0.16827359448396095,0.08571428571428572
gpt2:llama8b,_z_neg_direction_dispersion_gap,6,0.16827359448396098,-0.08571428571428572
gpt2:llama8b,_z_neg_source_native_nll,6,0.23391629517230159,0.08571428571428572
gpt2:llama8b,combined_hidden_direction_score,6,0.5571310287823942,0.08571428571428572
gpt2:llama8b,combined_hidden_js_score,6,0.479629398122769,-0.08571428571428572
gpt2:llama8b,combined_param_direction_score,6,0.4798451030053969,0.08571428571428572
gpt2:llama8b,combined_ratio_direction_score,6,0.4115334812629629,0.08571428571428572
gpt2:llama8b,target_readability_tail_frac,6,0.07669550752099537,-0.057977103565244846
gpt2:llama8b,_z_neg_target_readability_tail,6,-0.07669550752099535,0.057977103565244846
gpt2:llama8b,anchor_direction_js_to_target,6,-0.22282088341788117,0.02857142857142857
gpt2:llama8b,diagnostic_target_direction_std_min,6,0.3215411316989321,0.02857142857142857
gpt2:llama8b,target_readability_cross_entropy,6,-0.23522508405216913,0.02857142857142857
gpt2:llama8b,source_to_target_anchor_kl,6,-0.23560182974899002,0.02857142857142857
gpt2:llama8b,target_readability_energy,6,0.30995754381484214,-0.02857142857142857
gpt2:llama8b,source_target_direction_entropy_gap,6,-0.03119449154249864,0.02857142857142857
gpt2:llama8b,diagnostic_target_direction_entropy,6,0.17893705397328089,-0.02857142857142857
gpt2:llama8b,_z_neg_anchor_js,6,0.22282088341788117,-0.02857142857142857
gpt2:llama8b,_z_neg_target_readability_ce,6,0.23522508405216913,-0.02857142857142857
gpt2:llama8b,_z_neg_source_to_target_kl,6,0.23560182974899002,-0.02857142857142857
gpt2:llama8b,_z_target_readability_energy,6,0.30995754381484214,-0.02857142857142857
gpt2:llama8b,_z_neg_direction_entropy_gap,6,0.03119449154249862,-0.02857142857142857
gpt2:mistral7b,rel_magnitude_rmse_to_target,6,0.6437764705739158,0.8285714285714286
gpt2:mistral7b,diagnostic_target_direction_std_min,6,-0.656535880644988,-0.8285714285714286
gpt2:mistral7b,_z_neg_magnitude_rmse,6,-0.6437764705739157,-0.8285714285714286
gpt2:mistral7b,source_target_top_anchor_overlap,6,0.8473384421091152,0.7142857142857143
gpt2:mistral7b,_z_top_anchor_overlap,6,0.8473384421091152,0.7142857142857143
gpt2:mistral7b,rel_magnitude_l1_to_target,6,0.6298452946776119,0.6571428571428571
gpt2:mistral7b,source_native_nll,6,-0.6201269889757213,-0.6571428571428571
gpt2:mistral7b,target_readability_energy,6,0.718841759587779,0.6571428571428571
gpt2:mistral7b,source_target_direction_dispersion_gap,6,-0.35773575169261373,-0.6571428571428571
gpt2:mistral7b,_z_target_readability_energy,6,0.718841759587779,0.6571428571428571
gpt2:mistral7b,_z_neg_direction_dispersion_gap,6,0.3577357516926138,0.6571428571428571
gpt2:mistral7b,_z_neg_source_native_nll,6,0.620126988975721,0.6571428571428571
gpt2:mistral7b,combined_hidden_source_quality_score,6,0.638935061916121,0.6571428571428571
gpt2:mistral7b,target_readability_tail_frac,6,0.14690750570581765,0.6377481392176932
gpt2:mistral7b,_z_neg_target_readability_tail,6,-0.14690750570581768,-0.6377481392176932
gpt2:mistral7b,target_hidden_size,6,0.6363569613806322,0.6087595874350709
gpt2:mistral7b,abs_log_hidden_ratio,6,-0.6739877609381988,-0.6087595874350709
gpt2:mistral7b,_z_target_hidden_size,6,0.6363569613806321,0.6087595874350709
gpt2:mistral7b,diagnostic_rel_direction_z2_mean,6,0.32570845009433613,0.6
gpt2:mistral7b,target_readability_z2_mean,6,0.3157982059115846,0.6
gpt2:mistral7b,_z_neg_target_readability_z2,6,-0.3157982059115846,-0.6
gpt2:mistral7b,diagnostic_rel_magnitude_z_abs_mean,6,-0.630479631298675,-0.5428571428571428
gpt2:mistral7b,diagnostic_target_direction_std_mean,6,-0.4061190201604412,-0.5428571428571428
gpt2:mistral7b,diagnostic_target_magnitude_std_mean,6,0.6412933167817575,0.5428571428571428
gpt2:mistral7b,diagnostic_target_magnitude_std_min,6,0.6412933613525439,0.5428571428571428
gpt2:mistral7b,combined_hidden_js_score,6,0.6137394638969209,0.5428571428571428
gpt2:mistral7b,prior_param_tier_jump,6,-0.631580530472034,-0.41403933560541256
gpt2:mistral7b,memory_target_norm_gap,6,0.23805228707165355,0.3142857142857143
gpt2:mistral7b,diagnostic_source_direction_entropy_mean,6,-0.03327363177793149,-0.29277002188455997
gpt2:mistral7b,diagnostic_source_direction_std_mean,6,0.033273631777931516,0.29277002188455997
gpt2:mistral7b,prior_target_param_b,6,0.5451907924749448,0.28988551782622424
gpt2:mistral7b,prior_log_param_ratio_target_over_source,6,0.5062502409334221,0.28988551782622424
gpt2:mistral7b,_z_prior_target_param_b,6,0.5451907924749448,0.28988551782622424
gpt2:mistral7b,_z_log_param_ratio,6,0.5062502409334221,0.28988551782622424
gpt2:mistral7b,combined_hidden_direction_score,6,0.5606670875620047,0.2
gpt2:mistral7b,combined_ratio_direction_score,6,0.3921069267007617,0.14285714285714285
gpt2:mistral7b,rel_direction_l1_to_target,6,-0.1672531593568596,-0.08571428571428572
gpt2:mistral7b,rel_direction_rmse_to_target,6,-0.1876170814227636,-0.08571428571428572
gpt2:mistral7b,anchor_direction_js_to_target,6,-0.4465070464685973,0.08571428571428572
gpt2:mistral7b,target_direction_subspace_residual,6,0.6542693544050627,0.08571428571428572
gpt2:mistral7b,capacity_normalized_direction_rmse,6,-0.23659616728541066,-0.08571428571428572
gpt2:mistral7b,target_text_nll,6,-0.28041552759257315,-0.08571428571428572
gpt2:mistral7b,target_minus_source_nll,6,-0.27233382585228777,-0.08571428571428572
gpt2:mistral7b,pair_normalized_direction_rmse,6,-0.14952378612138148,-0.08571428571428572
gpt2:mistral7b,target_readability_cross_entropy,6,-0.4629070273163812,0.08571428571428572
gpt2:mistral7b,source_to_target_anchor_kl,6,-0.4606584363870709,0.08571428571428572
gpt2:mistral7b,source_target_direction_entropy_gap,6,-0.24707388237901562,-0.08571428571428572
gpt2:mistral7b,diagnostic_target_direction_entropy,6,0.38509700549876663,-0.08571428571428572
gpt2:mistral7b,_z_neg_direction_rmse,6,0.18761708142276357,0.08571428571428572
gpt2:mistral7b,_z_neg_anchor_js,6,0.4465070464685974,-0.08571428571428572
gpt2:mistral7b,_z_neg_subspace_residual,6,-0.6542693544050628,-0.08571428571428572
gpt2:mistral7b,_z_neg_pair_norm_direction_rmse,6,0.14952378612138156,0.08571428571428572
gpt2:mistral7b,_z_neg_target_readability_ce,6,0.4629070273163812,-0.08571428571428572
gpt2:mistral7b,_z_neg_source_to_target_kl,6,0.46065843638707094,-0.08571428571428572
gpt2:mistral7b,_z_neg_direction_entropy_gap,6,0.24707388237901562,0.08571428571428572
gpt2:mistral7b,pair_geometry_compatibility_score,6,0.3017874073337474,0.08571428571428572
gpt2:mistral7b,combined_param_direction_score,6,0.4486806350612701,-0.02857142857142857
gpt2:qwen1.5b,prior_param_tier_jump,6,0.6313130864157216,0.8783100656536799
gpt2:qwen1.5b,rel_direction_l1_to_target,6,-0.3773299953942597,-0.7714285714285715
gpt2:qwen1.5b,rel_direction_rmse_to_target,6,-0.39397080466562023,-0.7714285714285715
gpt2:qwen1.5b,memory_target_norm_gap,6,0.245962241066006,0.7714285714285715
gpt2:qwen1.5b,anchor_direction_js_to_target,6,-0.5781918561439403,-0.7714285714285715
gpt2:qwen1.5b,target_direction_subspace_residual,6,0.6853578685743578,0.7714285714285715
gpt2:qwen1.5b,capacity_normalized_direction_rmse,6,-0.4077710984900902,-0.7714285714285715
gpt2:qwen1.5b,pair_normalized_direction_rmse,6,-0.41834098345583964,-0.7714285714285715
gpt2:qwen1.5b,target_readability_cross_entropy,6,-0.525964700137552,-0.7714285714285715
gpt2:qwen1.5b,source_to_target_anchor_kl,6,-0.537595879483874,-0.7714285714285715
gpt2:qwen1.5b,target_readability_energy,6,-0.6157064354077489,-0.7714285714285715
gpt2:qwen1.5b,_z_neg_direction_rmse,6,0.3939708046656202,0.7714285714285715
gpt2:qwen1.5b,_z_neg_anchor_js,6,0.5781918561439402,0.7714285714285715
gpt2:qwen1.5b,_z_neg_subspace_residual,6,-0.6853578685743578,-0.7714285714285715
gpt2:qwen1.5b,_z_neg_pair_norm_direction_rmse,6,0.4183409834558396,0.7714285714285715
gpt2:qwen1.5b,_z_neg_target_readability_ce,6,0.525964700137552,0.7714285714285715
gpt2:qwen1.5b,_z_neg_source_to_target_kl,6,0.5375958794838739,0.7714285714285715
gpt2:qwen1.5b,_z_target_readability_energy,6,-0.615706435407749,-0.7714285714285715
gpt2:qwen1.5b,source_target_top_anchor_overlap,6,-0.5847251516690882,-0.7142857142857143
gpt2:qwen1.5b,_z_top_anchor_overlap,6,-0.5847251516690883,-0.7142857142857143
gpt2:qwen1.5b,target_hidden_size,6,0.5405415130932999,0.7061878636037996
gpt2:qwen1.5b,abs_log_hidden_ratio,6,0.5701662817818329,0.7061878636037996
gpt2:qwen1.5b,_z_target_hidden_size,6,0.5405415130932998,0.7061878636037996
gpt2:qwen1.5b,source_target_direction_entropy_gap,6,-0.544637667244779,-0.6571428571428571
gpt2:qwen1.5b,diagnostic_target_direction_entropy,6,0.6078985994973978,0.6571428571428571
gpt2:qwen1.5b,_z_neg_direction_entropy_gap,6,0.544637667244779,0.6571428571428571
gpt2:qwen1.5b,combined_hidden_source_quality_score,6,0.5368312851819353,0.6571428571428571
gpt2:qwen1.5b,target_magnitude_tail_frac,6,-0.8139137403014679,-0.6546536707079772
gpt2:qwen1.5b,_z_neg_target_magnitude_tail,6,0.813913740301468,0.6546536707079772
gpt2:qwen1.5b,prior_target_param_b,6,0.49911405254298136,0.6179143806533246
gpt2:qwen1.5b,prior_log_param_ratio_target_over_source,6,0.39397386129814255,0.6179143806533246
gpt2:qwen1.5b,_z_prior_target_param_b,6,0.49911405254298136,0.6179143806533246
gpt2:qwen1.5b,_z_log_param_ratio,6,0.3939738612981425,0.6179143806533246
gpt2:qwen1.5b,diagnostic_target_direction_std_min,6,-0.8342997261397919,-0.6
gpt2:qwen1.5b,target_readability_tail_frac,6,-0.09872859925467478,-0.6
gpt2:qwen1.5b,_z_neg_target_readability_tail,6,0.09872859925467474,0.6
gpt2:qwen1.5b,combined_hidden_js_score,6,0.5800294041308396,0.6
gpt2:qwen1.5b,combined_param_direction_score,6,0.45884583398173334,0.6
gpt2:qwen1.5b,combined_ratio_direction_score,6,0.4085332796252075,0.6
gpt2:qwen1.5b,diagnostic_target_direction_std_mean,6,-0.29691435544620876,-0.5428571428571428
gpt2:qwen1.5b,target_text_nll,6,-0.19791722028001743,-0.5428571428571428
gpt2:qwen1.5b,source_native_nll,6,0.6177406654842739,0.5428571428571428
gpt2:qwen1.5b,target_minus_source_nll,6,-0.20528887978874508,-0.5428571428571428
gpt2:qwen1.5b,source_target_direction_dispersion_gap,6,-0.3057986067588985,-0.5428571428571428
gpt2:qwen1.5b,_z_neg_direction_dispersion_gap,6,0.30579860675889853,0.5428571428571428
gpt2:qwen1.5b,_z_neg_source_native_nll,6,-0.6177406654842721,-0.5428571428571428
gpt2:qwen1.5b,combined_hidden_direction_score,6,0.5059911122953809,0.5428571428571428
gpt2:qwen1.5b,pair_geometry_compatibility_score,6,0.32594619799660557,0.37142857142857144
gpt2:qwen1.5b,diagnostic_source_direction_entropy_mean,6,-0.046374193923717055,-0.37032803990902063
gpt2:qwen1.5b,diagnostic_rel_magnitude_z_abs_mean,6,-0.543929794969173,-0.3142857142857143
gpt2:qwen1.5b,diagnostic_target_magnitude_std_mean,6,0.7944477239887703,0.3142857142857143
gpt2:qwen1.5b,diagnostic_target_magnitude_std_min,6,0.794447719888086,0.3142857142857143
gpt2:qwen1.5b,diagnostic_source_direction_std_mean,6,0.03408116138472606,-0.18516401995451032
gpt2:qwen1.5b,diagnostic_rel_direction_z2_mean,6,0.7574246013650746,0.08571428571428572
gpt2:qwen1.5b,target_readability_z2_mean,6,0.760164777335147,0.08571428571428572
gpt2:qwen1.5b,_z_neg_target_readability_z2,6,-0.760164777335147,-0.08571428571428572
gpt2:qwen1.5b,rel_magnitude_l1_to_target,6,0.6868935534283129,0.02857142857142857
gpt2:qwen1.5b,rel_magnitude_rmse_to_target,6,0.7135576585937276,0.02857142857142857
gpt2:qwen1.5b,_z_neg_magnitude_rmse,6,-0.7135576585937274,-0.02857142857142857
gpt2:qwen1.5b,prior_same_model_family,6,0.0681762284825536,0.0
gpt2:qwen1.5b,prior_cross_model_family,6,-0.06817622848255364,0.0
gpt2:qwen3b,target_readability_energy,6,-0.8119987843238055,-0.9428571428571428
gpt2:qwen3b,_z_target_readability_energy,6,-0.8119987843238055,-0.9428571428571428
gpt2:qwen3b,source_target_direction_entropy_gap,6,-0.7456682173326201,-0.8857142857142857
gpt2:qwen3b,_z_neg_direction_entropy_gap,6,0.7456682173326201,0.8857142857142857
gpt2:qwen3b,combined_hidden_js_score,6,0.7057445264053752,0.8285714285714286
gpt2:qwen3b,target_hidden_size,6,0.6430738139970492,0.8116794499134278
gpt2:qwen3b,_z_target_hidden_size,6,0.6430738139970493,0.8116794499134278
gpt2:qwen3b,anchor_direction_js_to_target,6,-0.7282964546163948,-0.7714285714285715
gpt2:qwen3b,diagnostic_target_direction_std_min,6,-0.9108166869568677,-0.7714285714285715
gpt2:qwen3b,target_text_nll,6,-0.5575725478429154,-0.7714285714285715
gpt2:qwen3b,target_minus_source_nll,6,-0.5605841560849479,-0.7714285714285715
gpt2:qwen3b,target_readability_cross_entropy,6,-0.718798744463943,-0.7714285714285715
gpt2:qwen3b,source_to_target_anchor_kl,6,-0.7160325662374109,-0.7714285714285715
gpt2:qwen3b,diagnostic_target_direction_entropy,6,0.7479248090745974,0.7714285714285715
gpt2:qwen3b,_z_neg_anchor_js,6,0.7282964546163948,0.7714285714285715
gpt2:qwen3b,_z_neg_target_readability_ce,6,0.718798744463943,0.7714285714285715
gpt2:qwen3b,_z_neg_source_to_target_kl,6,0.7160325662374109,0.7714285714285715
gpt2:qwen3b,combined_hidden_direction_score,6,0.7188602207332488,0.7714285714285715
gpt2:qwen3b,combined_hidden_source_quality_score,6,0.6403029740453987,0.7714285714285715
gpt2:qwen3b,combined_ratio_direction_score,6,0.7278801837186476,0.7714285714285715
gpt2:qwen3b,abs_log_hidden_ratio,6,0.535081175004153,0.753702346348183
gpt2:qwen3b,prior_target_param_b,6,0.6978722179320997,0.753702346348183
gpt2:qwen3b,prior_log_param_ratio_target_over_source,6,0.7081380925234616,0.753702346348183
gpt2:qwen3b,_z_prior_target_param_b,6,0.6978722179320997,0.753702346348183
gpt2:qwen3b,_z_log_param_ratio,6,0.7081380925234617,0.753702346348183
gpt2:qwen3b,rel_direction_l1_to_target,6,-0.6975269600736294,-0.7142857142857143
gpt2:qwen3b,rel_direction_rmse_to_target,6,-0.7004250589689347,-0.7142857142857143
gpt2:qwen3b,capacity_normalized_direction_rmse,6,-0.7219526018123789,-0.7142857142857143
gpt2:qwen3b,diagnostic_target_direction_std_mean,6,-0.5335349177356951,-0.7142857142857143
gpt2:qwen3b,pair_normalized_direction_rmse,6,-0.7133133009735207,-0.7142857142857143
gpt2:qwen3b,_z_neg_direction_rmse,6,0.7004250589689348,0.7142857142857143
gpt2:qwen3b,_z_neg_pair_norm_direction_rmse,6,0.7133133009735207,0.7142857142857143
gpt2:qwen3b,memory_target_norm_gap,6,0.28062257869064244,0.6571428571428571
gpt2:qwen3b,target_direction_subspace_residual,6,0.739522913224925,0.6571428571428571
gpt2:qwen3b,source_target_direction_dispersion_gap,6,-0.5441109323608356,-0.6571428571428571
gpt2:qwen3b,_z_neg_subspace_residual,6,-0.7395229132249249,-0.6571428571428571
gpt2:qwen3b,_z_neg_direction_dispersion_gap,6,0.5441109323608355,0.6571428571428571
gpt2:qwen3b,combined_param_direction_score,6,0.7124971748842159,0.6571428571428571
gpt2:qwen3b,target_magnitude_tail_frac,6,-0.8877221487245067,-0.6546536707079772
gpt2:qwen3b,_z_neg_target_magnitude_tail,6,0.887722148724507,0.6546536707079772
gpt2:qwen3b,diagnostic_rel_direction_z2_mean,6,-0.39567274705714234,-0.5428571428571428
gpt2:qwen3b,target_readability_z2_mean,6,-0.3884170062410486,-0.5428571428571428
gpt2:qwen3b,target_readability_tail_frac,6,-0.505747539011915,-0.5428571428571428
gpt2:qwen3b,_z_neg_target_readability_z2,6,0.38841700624104863,0.5428571428571428
gpt2:qwen3b,_z_neg_target_readability_tail,6,0.505747539011915,0.5428571428571428
gpt2:qwen3b,pair_geometry_compatibility_score,6,0.5713680121990615,0.5428571428571428
gpt2:qwen3b,diagnostic_rel_magnitude_z_abs_mean,6,-0.759108611635321,-0.37142857142857144
gpt2:qwen3b,diagnostic_target_magnitude_std_mean,6,0.8809559526922597,0.37142857142857144
gpt2:qwen3b,diagnostic_target_magnitude_std_min,6,0.8809559507587086,0.37142857142857144
gpt2:qwen3b,source_native_nll,6,0.6263873390566937,0.37142857142857144
gpt2:qwen3b,_z_neg_source_native_nll,6,-0.6263873390566935,-0.37142857142857144
gpt2:qwen3b,diagnostic_source_direction_entropy_mean,6,0.14432404742784197,0.37032803990902063
gpt2:qwen3b,diagnostic_source_direction_std_mean,6,0.3214183664311235,0.18516401995451032
gpt2:qwen3b,prior_param_tier_jump,6,0.06704218144871373,0.16903085094570333
gpt2:qwen3b,source_target_top_anchor_overlap,6,-0.11527608804794838,0.14285714285714285
gpt2:qwen3b,_z_top_anchor_overlap,6,-0.11527608804794834,0.14285714285714285
gpt2:qwen3b,rel_magnitude_l1_to_target,6,0.7523113739922112,-0.08571428571428572
gpt2:qwen3b,rel_magnitude_rmse_to_target,6,0.777601071716239,0.08571428571428572
gpt2:qwen3b,_z_neg_magnitude_rmse,6,-0.7776010717162389,-0.08571428571428572
gpt2:qwen3b,prior_same_model_family,6,0.2734182487263663,0.0
gpt2:qwen3b,prior_cross_model_family,6,-0.2734182487263662,0.0
gpt2:qwen7b,rel_magnitude_l1_to_target,6,-0.982497866212735,-0.9428571428571428
gpt2:qwen7b,diagnostic_source_direction_entropy_mean,6,0.7304512305765619,0.9258200997725515
gpt2:qwen7b,memory_target_norm_gap,6,0.573323423635936,0.8285714285714286
gpt2:qwen7b,prior_same_model_family,6,-0.9790225231032381,-0.8280786712108251
gpt2:qwen7b,prior_cross_model_family,6,0.9790225231032379,0.8280786712108251
gpt2:qwen7b,prior_param_tier_jump,6,-0.6252803653128509,-0.8280786712108251
gpt2:qwen7b,target_hidden_size,6,0.7567493127346218,0.7944613465542745
gpt2:qwen7b,abs_log_hidden_ratio,6,-0.7577478482784494,-0.7944613465542745
gpt2:qwen7b,_z_target_hidden_size,6,0.7567493127346218,0.7944613465542745
gpt2:qwen7b,combined_hidden_js_score,6,0.7068055253766071,0.7142857142857143
gpt2:qwen7b,anchor_direction_js_to_target,6,-0.616936739688873,-0.6571428571428571
gpt2:qwen7b,source_to_target_anchor_kl,6,-0.5447302222520538,-0.6571428571428571
gpt2:qwen7b,source_target_direction_entropy_gap,6,-0.6929521698833926,-0.6571428571428571
gpt2:qwen7b,diagnostic_target_direction_entropy,6,0.6877391204865022,0.6571428571428571
gpt2:qwen7b,_z_neg_anchor_js,6,0.6169367396888729,0.6571428571428571
gpt2:qwen7b,_z_neg_source_to_target_kl,6,0.5447302222520539,0.6571428571428571
gpt2:qwen7b,_z_neg_direction_entropy_gap,6,0.6929521698833925,0.6571428571428571
gpt2:qwen7b,combined_hidden_source_quality_score,6,0.7540891699081861,0.6571428571428571
gpt2:qwen7b,target_readability_cross_entropy,6,-0.5388373313462615,-0.6
gpt2:qwen7b,_z_neg_target_readability_ce,6,0.5388373313462617,0.6
gpt2:qwen7b,pair_geometry_compatibility_score,6,0.4387270544834573,0.6
gpt2:qwen7b,diagnostic_source_direction_std_mean,6,0.9732097309789907,0.5554920598635309
gpt2:qwen7b,rel_magnitude_rmse_to_target,6,-0.9354828762819045,-0.5428571428571428
gpt2:qwen7b,target_direction_subspace_residual,6,0.6050268218914527,0.5428571428571428
gpt2:qwen7b,diagnostic_rel_magnitude_z_abs_mean,6,0.7539760238992173,0.5428571428571428
gpt2:qwen7b,diagnostic_target_direction_std_min,6,-0.855019289079703,-0.5428571428571428
gpt2:qwen7b,diagnostic_target_magnitude_std_mean,6,-0.8368314989242659,-0.5428571428571428
gpt2:qwen7b,diagnostic_target_magnitude_std_min,6,-0.8368314562842486,-0.5428571428571428
gpt2:qwen7b,source_target_direction_dispersion_gap,6,-0.5226186189013907,-0.5428571428571428
gpt2:qwen7b,_z_neg_magnitude_rmse,6,0.9354828762819044,0.5428571428571428
gpt2:qwen7b,_z_neg_subspace_residual,6,-0.6050268218914526,-0.5428571428571428
gpt2:qwen7b,_z_neg_direction_dispersion_gap,6,0.5226186189013907,0.5428571428571428
gpt2:qwen7b,combined_hidden_direction_score,6,0.5640500841802547,0.5428571428571428
gpt2:qwen7b,prior_target_param_b,6,0.5298955818953393,0.49280538030458115
gpt2:qwen7b,prior_log_param_ratio_target_over_source,6,0.38743115156006513,0.49280538030458115
gpt2:qwen7b,_z_prior_target_param_b,6,0.5298955818953394,0.49280538030458115
gpt2:qwen7b,_z_log_param_ratio,6,0.38743115156006513,0.49280538030458115
gpt2:qwen7b,source_native_nll,6,0.6196850496311108,0.4857142857142857
gpt2:qwen7b,_z_neg_source_native_nll,6,-0.6196850496311102,-0.4857142857142857
gpt2:qwen7b,rel_direction_l1_to_target,6,-0.24116028309259657,-0.42857142857142855
gpt2:qwen7b,rel_direction_rmse_to_target,6,-0.2614059780680232,-0.42857142857142855
gpt2:qwen7b,capacity_normalized_direction_rmse,6,-0.30926813990958163,-0.42857142857142855
gpt2:qwen7b,diagnostic_rel_direction_z2_mean,6,-0.09099854480318469,-0.42857142857142855
gpt2:qwen7b,diagnostic_target_direction_std_mean,6,-0.4973037450795461,-0.42857142857142855
gpt2:qwen7b,pair_normalized_direction_rmse,6,-0.25134990212775765,-0.42857142857142855
gpt2:qwen7b,target_readability_z2_mean,6,-0.09075362646334499,-0.42857142857142855
gpt2:qwen7b,target_readability_tail_frac,6,0.20212944685438863,-0.42857142857142855
gpt2:qwen7b,target_readability_energy,6,0.6639139020961158,0.42857142857142855
gpt2:qwen7b,_z_neg_direction_rmse,6,0.2614059780680233,0.42857142857142855
gpt2:qwen7b,_z_neg_pair_norm_direction_rmse,6,0.25134990212775765,0.42857142857142855
gpt2:qwen7b,_z_neg_target_readability_z2,6,0.09075362646334498,0.42857142857142855
gpt2:qwen7b,_z_neg_target_readability_tail,6,-0.20212944685438858,0.42857142857142855
gpt2:qwen7b,_z_target_readability_energy,6,0.6639139020961158,0.42857142857142855
gpt2:qwen7b,combined_param_direction_score,6,0.40829802801757936,0.37142857142857144
gpt2:qwen7b,combined_ratio_direction_score,6,0.3257631080646901,0.37142857142857144
gpt2:qwen7b,target_text_nll,6,0.03476743131020656,-0.2
gpt2:qwen7b,target_minus_source_nll,6,0.02662740923751675,-0.2
gpt2:qwen7b,source_target_top_anchor_overlap,6,0.5466740479934156,0.17393131069573453
gpt2:qwen7b,_z_top_anchor_overlap,6,0.5466740479934156,0.17393131069573453
llama1b:llama1b,diagnostic_rel_magnitude_z_abs_mean,6,-0.7949264892636568,-0.9428571428571428
llama1b:llama1b,diagnostic_target_magnitude_std_mean,6,0.5090654828113222,0.9428571428571428
llama1b:llama1b,diagnostic_target_magnitude_std_min,6,0.5090654738243896,0.9428571428571428
llama1b:llama1b,abs_log_hidden_ratio,6,0.7989591798900498,0.8116794499134278
llama1b:llama1b,prior_target_param_b,6,0.8389599110631122,0.7944613465542745
llama1b:llama1b,prior_log_param_ratio_target_over_source,6,0.7839980508623423,0.7944613465542745
llama1b:llama1b,_z_prior_target_param_b,6,0.8389599110631123,0.7944613465542745
llama1b:llama1b,_z_log_param_ratio,6,0.7839980508623424,0.7944613465542745
llama1b:llama1b,rel_direction_l1_to_target,6,-0.6334193404261764,-0.7714285714285715
llama1b:llama1b,rel_direction_rmse_to_target,6,-0.6371637909032463,-0.7714285714285715
llama1b:llama1b,capacity_normalized_direction_rmse,6,-0.6668919721543527,-0.7714285714285715
llama1b:llama1b,pair_normalized_direction_rmse,6,-0.6647912050098076,-0.7714285714285715
llama1b:llama1b,target_readability_tail_frac,6,-0.31070048761572827,-0.7714285714285715
llama1b:llama1b,_z_neg_direction_rmse,6,0.6371637909032463,0.7714285714285715
llama1b:llama1b,_z_neg_pair_norm_direction_rmse,6,0.6647912050098075,0.7714285714285715
llama1b:llama1b,_z_neg_target_readability_tail,6,0.3107004876157283,0.7714285714285715
llama1b:llama1b,target_hidden_size,6,0.7488915813880377,0.753702346348183
llama1b:llama1b,_z_target_hidden_size,6,0.7488915813880378,0.753702346348183
llama1b:llama1b,combined_hidden_source_quality_score,6,0.7488915813880378,0.753702346348183
llama1b:llama1b,memory_target_norm_gap,6,0.29629006874500713,0.7142857142857143
llama1b:llama1b,target_direction_subspace_residual,6,0.8952470838670143,0.7142857142857143
llama1b:llama1b,diagnostic_rel_direction_z2_mean,6,-0.48863564613577,-0.7142857142857143
llama1b:llama1b,target_readability_z2_mean,6,-0.48863564613577,-0.7142857142857143
llama1b:llama1b,target_readability_energy,6,0.6645759955921633,0.7142857142857143
llama1b:llama1b,_z_neg_subspace_residual,6,-0.8952470838670143,-0.7142857142857143
llama1b:llama1b,_z_neg_target_readability_z2,6,0.48863564613577,0.7142857142857143
llama1b:llama1b,_z_target_readability_energy,6,0.6645759955921633,0.7142857142857143
llama1b:llama1b,combined_param_direction_score,6,0.7785637320792803,0.7142857142857143
llama1b:llama1b,combined_ratio_direction_score,6,0.7379059918320507,0.7142857142857143
llama1b:llama1b,combined_hidden_direction_score,6,0.8019493461958079,0.6571428571428571
llama1b:llama1b,diagnostic_target_direction_std_mean,6,-0.5549253076077246,-0.6
llama1b:llama1b,source_target_direction_dispersion_gap,6,-0.5478997675673511,-0.6
llama1b:llama1b,diagnostic_target_direction_entropy,6,0.5619270738204368,0.6
llama1b:llama1b,_z_neg_direction_dispersion_gap,6,0.547899767567351,0.6
llama1b:llama1b,combined_hidden_js_score,6,0.7770583892904857,0.6
llama1b:llama1b,pair_geometry_compatibility_score,6,0.503192748378416,0.6
llama1b:llama1b,anchor_direction_js_to_target,6,-0.6080839527736062,-0.5428571428571428
llama1b:llama1b,target_readability_cross_entropy,6,-0.6089672865170528,-0.5428571428571428
llama1b:llama1b,source_to_target_anchor_kl,6,-0.6148662852006875,-0.5428571428571428
llama1b:llama1b,_z_neg_anchor_js,6,0.608083952773606,0.5428571428571428
llama1b:llama1b,_z_neg_target_readability_ce,6,0.6089672865170528,0.5428571428571428
llama1b:llama1b,_z_neg_source_to_target_kl,6,0.6148662852006875,0.5428571428571428
llama1b:llama1b,rel_magnitude_rmse_to_target,6,0.27888755310074653,0.42857142857142855
llama1b:llama1b,_z_neg_magnitude_rmse,6,-0.2788875531007466,-0.42857142857142855
llama1b:llama1b,prior_param_tier_jump,6,0.3372965202607399,0.3927922024247863
llama1b:llama1b,target_text_nll,6,-0.2982815217499508,-0.37142857142857144
llama1b:llama1b,target_minus_source_nll,6,-0.2982815217499508,-0.37142857142857144
llama1b:llama1b,diagnostic_source_direction_entropy_mean,6,-0.12855355933036697,0.2125118592516207
llama1b:llama1b,diagnostic_source_direction_std_mean,6,-0.0032803735238632037,-0.2125118592516207
llama1b:llama1b,prior_same_model_family,6,0.15549831544647727,0.20701966780270628
llama1b:llama1b,prior_cross_model_family,6,-0.15549831544647724,-0.20701966780270628
llama1b:llama1b,rel_magnitude_l1_to_target,6,0.20305271386917406,0.2
llama1b:llama1b,source_target_top_anchor_overlap,6,0.2971453204241532,-0.08571428571428572
llama1b:llama1b,_z_top_anchor_overlap,6,0.29714532042415326,-0.08571428571428572
llama1b:llama1b,diagnostic_target_direction_std_min,6,-0.38996322646709003,-0.02857142857142857
llama1b:llama1b,source_target_direction_entropy_gap,6,-0.15712582768190203,-0.02857142857142857
llama1b:llama1b,_z_neg_direction_entropy_gap,6,0.157125827681902,0.02857142857142857
llama1b:llama3b,diagnostic_rel_magnitude_z_abs_mean,6,-0.9100189596701902,-1.0
llama1b:llama3b,diagnostic_target_magnitude_std_mean,6,0.7053545619909343,1.0
llama1b:llama3b,diagnostic_target_magnitude_std_min,6,0.705354554893923,1.0
llama1b:llama3b,prior_param_tier_jump,6,0.7481021602122744,0.8451542547285166
llama1b:llama3b,memory_target_norm_gap,6,0.3701369854894305,0.8285714285714286
llama1b:llama3b,target_hidden_size,6,0.8753147809240428,0.7944613465542745
llama1b:llama3b,abs_log_hidden_ratio,6,-0.7768615106027199,-0.7944613465542745
llama1b:llama3b,_z_target_hidden_size,6,0.8753147809240428,0.7944613465542745
llama1b:llama3b,combined_hidden_source_quality_score,6,0.8753147809240427,0.7944613465542745
llama1b:llama3b,target_readability_energy,6,-0.4636738292171072,-0.7714285714285715
llama1b:llama3b,_z_target_readability_energy,6,-0.46367382921710726,-0.7714285714285715
llama1b:llama3b,combined_param_direction_score,6,0.7924333695470352,0.7714285714285715
llama1b:llama3b,combined_ratio_direction_score,6,0.7179920131815489,0.7714285714285715
llama1b:llama3b,prior_target_param_b,6,0.8663897589169779,0.753702346348183
llama1b:llama3b,prior_log_param_ratio_target_over_source,6,0.763012391285083,0.753702346348183
llama1b:llama3b,_z_prior_target_param_b,6,0.8663897589169777,0.753702346348183
llama1b:llama3b,_z_log_param_ratio,6,0.763012391285083,0.753702346348183
llama1b:llama3b,rel_direction_l1_to_target,6,-0.6702051844891742,-0.7142857142857143
llama1b:llama3b,rel_direction_rmse_to_target,6,-0.674176119810605,-0.7142857142857143
llama1b:llama3b,target_direction_subspace_residual,6,0.9234040950447192,0.7142857142857143
llama1b:llama3b,capacity_normalized_direction_rmse,6,-0.6866727122130123,-0.7142857142857143
llama1b:llama3b,diagnostic_target_direction_std_mean,6,-0.6730249029561619,-0.7142857142857143
llama1b:llama3b,pair_normalized_direction_rmse,6,-0.7073136672763993,-0.7142857142857143
llama1b:llama3b,source_target_direction_entropy_gap,6,-0.3722432908940942,-0.7142857142857143
llama1b:llama3b,source_target_direction_dispersion_gap,6,-0.6774688275165501,-0.7142857142857143
llama1b:llama3b,diagnostic_target_direction_entropy,6,0.6001518784460274,0.7142857142857143
llama1b:llama3b,_z_neg_direction_rmse,6,0.674176119810605,0.7142857142857143
llama1b:llama3b,_z_neg_subspace_residual,6,-0.9234040950447192,-0.7142857142857143
llama1b:llama3b,_z_neg_pair_norm_direction_rmse,6,0.7073136672763993,0.7142857142857143
llama1b:llama3b,_z_neg_direction_entropy_gap,6,0.3722432908940943,0.7142857142857143
llama1b:llama3b,_z_neg_direction_dispersion_gap,6,0.6774688275165501,0.7142857142857143
llama1b:llama3b,combined_hidden_direction_score,6,0.8263389080088668,0.7142857142857143
llama1b:llama3b,anchor_direction_js_to_target,6,-0.6403009639812836,-0.6
llama1b:llama3b,target_readability_tail_frac,6,-0.21742180867557884,-0.6
llama1b:llama3b,target_readability_cross_entropy,6,-0.64455022107609,-0.6
llama1b:llama3b,source_to_target_anchor_kl,6,-0.6483136887485479,-0.6
llama1b:llama3b,_z_neg_anchor_js,6,0.6403009639812836,0.6
llama1b:llama3b,_z_neg_target_readability_tail,6,0.21742180867557884,0.6
llama1b:llama3b,_z_neg_target_readability_ce,6,0.6445502210760901,0.6
llama1b:llama3b,_z_neg_source_to_target_kl,6,0.6483136887485479,0.6
llama1b:llama3b,combined_hidden_js_score,6,0.8127272485913913,0.6
llama1b:llama3b,pair_geometry_compatibility_score,6,0.36009799497581846,0.6
llama1b:llama3b,rel_magnitude_rmse_to_target,6,0.4486262238200406,0.5428571428571428
llama1b:llama3b,_z_neg_magnitude_rmse,6,-0.44862622382004025,-0.5428571428571428
llama1b:llama3b,source_target_top_anchor_overlap,6,-0.6611042362635388,-0.42857142857142855
llama1b:llama3b,_z_top_anchor_overlap,6,-0.6611042362635388,-0.42857142857142855
llama1b:llama3b,prior_same_model_family,6,0.3504444182885717,0.41403933560541256
llama1b:llama3b,prior_cross_model_family,6,-0.35044441828857165,-0.41403933560541256
llama1b:llama3b,rel_magnitude_l1_to_target,6,0.37321901360684195,0.37142857142857144
llama1b:llama3b,diagnostic_target_direction_std_min,6,-0.6203378759917751,-0.37142857142857144
llama1b:llama3b,diagnostic_rel_direction_z2_mean,6,-0.3735408536425522,-0.3142857142857143
llama1b:llama3b,target_readability_z2_mean,6,-0.3735408536425522,-0.3142857142857143
llama1b:llama3b,_z_neg_target_readability_z2,6,0.3735408536425522,0.3142857142857143
llama1b:llama3b,diagnostic_source_direction_std_mean,6,-0.07805738800444598,-0.2732295333235123
llama1b:llama3b,target_text_nll,6,-0.25739173294645046,-0.2571428571428571
llama1b:llama3b,target_minus_source_nll,6,-0.25739173294645046,-0.2571428571428571
llama1b:llama3b,diagnostic_source_direction_entropy_mean,6,-0.03929747780469624,0.15179418517972906
llama1b:llama8b,diagnostic_rel_magnitude_z_abs_mean,6,-0.8313080397960224,-0.8285714285714286
llama1b:llama8b,diagnostic_target_magnitude_std_mean,6,0.8169408582504363,0.8285714285714286
llama1b:llama8b,diagnostic_target_magnitude_std_min,6,0.8169408993584544,0.8285714285714286
llama1b:llama8b,target_hidden_size,6,0.5285476269385978,0.5217939320872036
llama1b:llama8b,abs_log_hidden_ratio,6,-0.5587678146578728,-0.5217939320872036
llama1b:llama8b,_z_target_hidden_size,6,0.5285476269385977,0.5217939320872036
llama1b:llama8b,combined_hidden_source_quality_score,6,0.5285476269385977,0.5217939320872036
llama1b:llama8b,rel_magnitude_rmse_to_target,6,0.019690215003169823,0.42857142857142855
llama1b:llama8b,memory_target_norm_gap,6,-0.0055274453580735515,0.42857142857142855
llama1b:llama8b,_z_neg_magnitude_rmse,6,-0.01969021500316987,-0.42857142857142855
llama1b:llama8b,prior_same_model_family,6,0.27390302666578586,0.41403933560541256
llama1b:llama8b,prior_cross_model_family,6,-0.27390302666578586,-0.41403933560541256
llama1b:llama8b,prior_param_tier_jump,6,-0.5080919179599332,-0.41403933560541256
llama1b:llama8b,source_target_top_anchor_overlap,6,0.5521911556863933,0.37142857142857144
llama1b:llama8b,_z_top_anchor_overlap,6,0.5521911556863934,0.37142857142857144
llama1b:llama8b,diagnostic_source_direction_entropy_mean,6,-0.13383959385636732,-0.37032803990902063
llama1b:llama8b,diagnostic_source_direction_std_mean,6,-0.18394762821076077,-0.37032803990902063
llama1b:llama8b,prior_target_param_b,6,0.43090208713194944,0.29424494316824984
llama1b:llama8b,prior_log_param_ratio_target_over_source,6,0.31999180698570545,0.29424494316824984
llama1b:llama8b,_z_prior_target_param_b,6,0.43090208713194944,0.29424494316824984
llama1b:llama8b,_z_log_param_ratio,6,0.3199918069857055,0.29424494316824984
llama1b:llama8b,rel_magnitude_l1_to_target,6,-0.008626353917058646,0.14285714285714285
llama1b:llama8b,anchor_direction_js_to_target,6,0.0016406052513842984,0.14285714285714285
llama1b:llama8b,target_readability_cross_entropy,6,-0.008157555839321458,0.14285714285714285
llama1b:llama8b,source_to_target_anchor_kl,6,-0.007214770181132096,0.14285714285714285
llama1b:llama8b,target_readability_energy,6,0.1265906427404051,-0.14285714285714285
llama1b:llama8b,source_target_direction_entropy_gap,6,0.17500414423773583,0.14285714285714285
llama1b:llama8b,diagnostic_target_direction_entropy,6,-0.041158705038254514,-0.14285714285714285
llama1b:llama8b,_z_neg_anchor_js,6,-0.0016406052513843147,-0.14285714285714285
llama1b:llama8b,_z_neg_target_readability_ce,6,0.00815755583932143,-0.14285714285714285
llama1b:llama8b,_z_neg_source_to_target_kl,6,0.0072147701811320596,-0.14285714285714285
llama1b:llama8b,_z_target_readability_energy,6,0.12659064274040513,-0.14285714285714285
llama1b:llama8b,_z_neg_direction_entropy_gap,6,-0.1750041442377359,-0.14285714285714285
llama1b:llama8b,diagnostic_target_direction_std_mean,6,0.06311294827785216,0.08571428571428572
llama1b:llama8b,target_text_nll,6,0.03875846997012324,0.08571428571428572
llama1b:llama8b,target_minus_source_nll,6,0.03875846997012324,0.08571428571428572
llama1b:llama8b,source_target_direction_dispersion_gap,6,0.05671422008924092,0.08571428571428572
llama1b:llama8b,_z_neg_direction_dispersion_gap,6,-0.056714220089240985,-0.08571428571428572
llama1b:llama8b,combined_hidden_direction_score,6,0.3426273987033755,0.08571428571428572
llama1b:llama8b,combined_hidden_js_score,6,0.25966196453455803,-0.08571428571428572
llama1b:llama8b,combined_param_direction_score,6,0.26005854623494606,0.08571428571428572
llama1b:llama8b,combined_ratio_direction_score,6,0.18921026617437203,0.08571428571428572
llama1b:llama8b,rel_direction_l1_to_target,6,-0.09708851250482692,-0.02857142857142857
llama1b:llama8b,rel_direction_rmse_to_target,6,-0.0972405483748881,-0.02857142857142857
llama1b:llama8b,target_direction_subspace_residual,6,0.555603056274364,0.02857142857142857
llama1b:llama8b,capacity_normalized_direction_rmse,6,-0.12401337374206413,-0.02857142857142857
llama1b:llama8b,diagnostic_rel_direction_z2_mean,6,0.005711493047553459,-0.02857142857142857
llama1b:llama8b,diagnostic_target_direction_std_min,6,0.3407397809499924,-0.02857142857142857
llama1b:llama8b,pair_normalized_direction_rmse,6,-0.1597308027612801,-0.02857142857142857
llama1b:llama8b,target_readability_z2_mean,6,0.005711493047553459,-0.02857142857142857
llama1b:llama8b,target_readability_tail_frac,6,0.2556938237215091,-0.02857142857142857
llama1b:llama8b,_z_neg_direction_rmse,6,0.09724054837488803,0.02857142857142857
llama1b:llama8b,_z_neg_subspace_residual,6,-0.5556030562743639,-0.02857142857142857
llama1b:llama8b,_z_neg_pair_norm_direction_rmse,6,0.1597308027612801,0.02857142857142857
llama1b:llama8b,_z_neg_target_readability_z2,6,-0.005711493047553409,0.02857142857142857
llama1b:llama8b,_z_neg_target_readability_tail,6,-0.2556938237215092,0.02857142857142857
llama1b:llama8b,pair_geometry_compatibility_score,6,-0.00758239422555295,0.02857142857142857
llama1b:mistral7b,diagnostic_target_direction_std_min,6,-0.8823754865309382,-0.9428571428571428
llama1b:mistral7b,rel_magnitude_l1_to_target,6,0.8811244674095017,0.8857142857142857
llama1b:mistral7b,rel_magnitude_rmse_to_target,6,0.8813294593580665,0.8857142857142857
llama1b:mistral7b,_z_neg_magnitude_rmse,6,-0.8813294593580666,-0.8857142857142857
llama1b:mistral7b,target_hidden_size,6,0.8545753320812437,0.8406680016960503
llama1b:mistral7b,abs_log_hidden_ratio,6,-0.8310638140139432,-0.8406680016960503
llama1b:mistral7b,_z_target_hidden_size,6,0.8545753320812439,0.8406680016960503
llama1b:mistral7b,combined_hidden_source_quality_score,6,0.8545753320812439,0.8406680016960503
llama1b:mistral7b,prior_param_tier_jump,6,-0.8660789502573164,-0.8280786712108251
llama1b:mistral7b,memory_target_norm_gap,6,0.710540169756154,0.7714285714285715
llama1b:mistral7b,diagnostic_rel_magnitude_z_abs_mean,6,-0.8574854264777394,-0.7714285714285715
llama1b:mistral7b,diagnostic_target_direction_std_mean,6,-0.6782240207348978,-0.7714285714285715
llama1b:mistral7b,diagnostic_target_magnitude_std_mean,6,0.867157854353985,0.7714285714285715
llama1b:mistral7b,diagnostic_target_magnitude_std_min,6,0.8671578601671994,0.7714285714285715
llama1b:mistral7b,source_target_direction_dispersion_gap,6,-0.6773610238704564,-0.7714285714285715
llama1b:mistral7b,_z_neg_direction_dispersion_gap,6,0.6773610238704563,0.7714285714285715
llama1b:mistral7b,combined_hidden_js_score,6,0.8320988530191811,0.7714285714285715
llama1b:mistral7b,prior_target_param_b,6,0.7801104008275503,0.6377481392176932
llama1b:mistral7b,prior_log_param_ratio_target_over_source,6,0.6651181519547381,0.6377481392176932
llama1b:mistral7b,_z_prior_target_param_b,6,0.7801104008275503,0.6377481392176932
llama1b:mistral7b,_z_log_param_ratio,6,0.6651181519547382,0.6377481392176932
llama1b:mistral7b,source_target_top_anchor_overlap,6,-0.4688788642238237,-0.6
llama1b:mistral7b,_z_top_anchor_overlap,6,-0.4688788642238237,-0.6
llama1b:mistral7b,combined_hidden_direction_score,6,0.7750267724760082,0.5428571428571428
llama1b:mistral7b,diagnostic_rel_direction_z2_mean,6,0.36413554992448277,0.4857142857142857
llama1b:mistral7b,target_readability_z2_mean,6,0.36413554992448277,0.4857142857142857
llama1b:mistral7b,target_readability_energy,6,0.7275668720874401,0.4857142857142857
llama1b:mistral7b,_z_neg_target_readability_z2,6,-0.3641355499244828,-0.4857142857142857
llama1b:mistral7b,_z_target_readability_energy,6,0.7275668720874401,0.4857142857142857
llama1b:mistral7b,combined_ratio_direction_score,6,0.5428203356441005,0.4857142857142857
llama1b:mistral7b,target_readability_tail_frac,6,0.025621004995309102,0.46381682852195877
llama1b:mistral7b,_z_neg_target_readability_tail,6,-0.02562100499530899,-0.46381682852195877
llama1b:mistral7b,rel_direction_l1_to_target,6,-0.27499611478744446,-0.42857142857142855
llama1b:mistral7b,rel_direction_rmse_to_target,6,-0.3014365564185104,-0.42857142857142855
llama1b:mistral7b,target_direction_subspace_residual,6,0.7602706381255391,0.42857142857142855
llama1b:mistral7b,capacity_normalized_direction_rmse,6,-0.3548668744849642,-0.42857142857142855
llama1b:mistral7b,pair_normalized_direction_rmse,6,-0.23758188901700866,-0.42857142857142855
llama1b:mistral7b,target_readability_cross_entropy,6,-0.6447563688986611,-0.42857142857142855
llama1b:mistral7b,source_to_target_anchor_kl,6,-0.6427010966029308,-0.42857142857142855
llama1b:mistral7b,source_target_direction_entropy_gap,6,-0.3073583611122027,-0.42857142857142855
llama1b:mistral7b,_z_neg_direction_rmse,6,0.30143655641851047,0.42857142857142855
llama1b:mistral7b,_z_neg_subspace_residual,6,-0.7602706381255392,-0.42857142857142855
llama1b:mistral7b,_z_neg_pair_norm_direction_rmse,6,0.23758188901700866,0.42857142857142855
llama1b:mistral7b,_z_neg_target_readability_ce,6,0.6447563688986612,0.42857142857142855
llama1b:mistral7b,_z_neg_source_to_target_kl,6,0.6427010966029308,0.42857142857142855
llama1b:mistral7b,_z_neg_direction_entropy_gap,6,0.3073583611122027,0.42857142857142855
llama1b:mistral7b,combined_param_direction_score,6,0.655160192693757,0.42857142857142855
llama1b:mistral7b,pair_geometry_compatibility_score,6,0.27170356698565057,0.42857142857142855
llama1b:mistral7b,anchor_direction_js_to_target,6,-0.6315553520017849,-0.37142857142857144
llama1b:mistral7b,diagnostic_target_direction_entropy,6,0.5486794734212552,0.37142857142857144
llama1b:mistral7b,_z_neg_anchor_js,6,0.631555352001785,0.37142857142857144
llama1b:mistral7b,diagnostic_source_direction_entropy_mean,6,-0.27702666334254256,-0.29277002188455997
llama1b:mistral7b,diagnostic_source_direction_std_mean,6,-0.2770266633425425,-0.29277002188455997
llama1b:mistral7b,target_text_nll,6,-0.21816436148914733,-0.2571428571428571
llama1b:mistral7b,target_minus_source_nll,6,-0.21816436148914733,-0.2571428571428571
llama1b:qwen1.5b,prior_param_tier_jump,6,0.7334169428068786,0.8783100656536799
llama1b:qwen1.5b,diagnostic_target_direction_std_min,6,-0.7860078483145082,-0.8285714285714286
llama1b:qwen1.5b,target_readability_energy,6,-0.6884907164844847,-0.8285714285714286
llama1b:qwen1.5b,_z_target_readability_energy,6,-0.6884907164844847,-0.8285714285714286
llama1b:qwen1.5b,target_hidden_size,6,0.6590114890436218,0.7944613465542745
llama1b:qwen1.5b,abs_log_hidden_ratio,6,0.6823973256233071,0.7944613465542745
llama1b:qwen1.5b,prior_target_param_b,6,0.6603670445532861,0.7944613465542745
llama1b:qwen1.5b,prior_log_param_ratio_target_over_source,6,0.5551044585610655,0.7944613465542745
llama1b:qwen1.5b,_z_target_hidden_size,6,0.659011489043622,0.7944613465542745
llama1b:qwen1.5b,_z_prior_target_param_b,6,0.6603670445532862,0.7944613465542745
llama1b:qwen1.5b,_z_log_param_ratio,6,0.5551044585610655,0.7944613465542745
llama1b:qwen1.5b,combined_hidden_source_quality_score,6,0.659011489043622,0.7944613465542745
llama1b:qwen1.5b,rel_direction_l1_to_target,6,-0.5582230085489266,-0.7714285714285715
llama1b:qwen1.5b,rel_direction_rmse_to_target,6,-0.5707738121210847,-0.7714285714285715
llama1b:qwen1.5b,target_direction_subspace_residual,6,0.780129947128371,0.7714285714285715
llama1b:qwen1.5b,capacity_normalized_direction_rmse,6,-0.5853058313749774,-0.7714285714285715
llama1b:qwen1.5b,pair_normalized_direction_rmse,6,-0.5994274136337249,-0.7714285714285715
llama1b:qwen1.5b,source_target_direction_entropy_gap,6,-0.7046702598449979,-0.7714285714285715
llama1b:qwen1.5b,_z_neg_direction_rmse,6,0.5707738121210847,0.7714285714285715
llama1b:qwen1.5b,_z_neg_subspace_residual,6,-0.780129947128371,-0.7714285714285715
llama1b:qwen1.5b,_z_neg_pair_norm_direction_rmse,6,0.5994274136337249,0.7714285714285715
llama1b:qwen1.5b,_z_neg_direction_entropy_gap,6,0.7046702598449979,0.7714285714285715
llama1b:qwen1.5b,combined_param_direction_score,6,0.6272724130040618,0.7714285714285715
llama1b:qwen1.5b,combined_ratio_direction_score,6,0.5841534005023359,0.7714285714285715
llama1b:qwen1.5b,anchor_direction_js_to_target,6,-0.6779679444447346,-0.7142857142857143
llama1b:qwen1.5b,target_readability_tail_frac,6,-0.28298523295012756,-0.7142857142857143
llama1b:qwen1.5b,_z_neg_anchor_js,6,0.6779679444447346,0.7142857142857143
llama1b:qwen1.5b,_z_neg_target_readability_tail,6,0.28298523295012756,0.7142857142857143
llama1b:qwen1.5b,combined_hidden_js_score,6,0.6958827794260043,0.7142857142857143
llama1b:qwen1.5b,diagnostic_target_direction_std_mean,6,-0.4582832057728008,-0.6571428571428571
llama1b:qwen1.5b,source_target_direction_dispersion_gap,6,-0.4984317174521601,-0.6571428571428571
llama1b:qwen1.5b,_z_neg_direction_dispersion_gap,6,0.4984317174521602,0.6571428571428571
llama1b:qwen1.5b,combined_hidden_direction_score,6,0.6599760124671936,0.6571428571428571
llama1b:qwen1.5b,memory_target_norm_gap,6,0.2117733222088298,0.6
llama1b:qwen1.5b,source_to_target_anchor_kl,6,-0.646800212464908,-0.6
llama1b:qwen1.5b,_z_neg_source_to_target_kl,6,0.6468002124649079,0.6
llama1b:qwen1.5b,pair_geometry_compatibility_score,6,0.41416380745547776,0.6
llama1b:qwen1.5b,target_readability_cross_entropy,6,-0.6420903593677929,-0.5428571428571428
llama1b:qwen1.5b,diagnostic_target_direction_entropy,6,0.710468111962399,0.5428571428571428
llama1b:qwen1.5b,_z_neg_target_readability_ce,6,0.642090359367793,0.5428571428571428
llama1b:qwen1.5b,diagnostic_rel_magnitude_z_abs_mean,6,-0.5898080216424422,-0.42857142857142855
llama1b:qwen1.5b,diagnostic_target_magnitude_std_mean,6,0.7522509106201498,0.42857142857142855
llama1b:qwen1.5b,diagnostic_target_magnitude_std_min,6,0.752250908047363,0.42857142857142855
llama1b:qwen1.5b,target_text_nll,6,-0.2171352936918494,-0.42857142857142855
llama1b:qwen1.5b,target_minus_source_nll,6,-0.2171352936918494,-0.42857142857142855
llama1b:qwen1.5b,source_target_top_anchor_overlap,6,-0.46521186896510547,-0.42857142857142855
llama1b:qwen1.5b,_z_top_anchor_overlap,6,-0.4652118689651054,-0.42857142857142855
llama1b:qwen1.5b,diagnostic_rel_direction_z2_mean,6,-0.10953320228259024,-0.3142857142857143
llama1b:qwen1.5b,target_readability_z2_mean,6,-0.10953320228259024,-0.3142857142857143
llama1b:qwen1.5b,_z_neg_target_readability_z2,6,0.10953320228259018,0.3142857142857143
llama1b:qwen1.5b,rel_magnitude_rmse_to_target,6,0.6882485736623026,0.2571428571428571
llama1b:qwen1.5b,_z_neg_magnitude_rmse,6,-0.6882485736623026,-0.2571428571428571
llama1b:qwen1.5b,diagnostic_source_direction_entropy_mean,6,0.0871959640112749,-0.06172133998483677
llama1b:qwen1.5b,diagnostic_source_direction_std_mean,6,0.08941374243091567,-0.06172133998483677
llama1b:qwen1.5b,rel_magnitude_l1_to_target,6,0.6673871739433883,0.02857142857142857
llama1b:qwen1.5b,prior_same_model_family,6,0.06215788402882408,0.0
llama1b:qwen1.5b,prior_cross_model_family,6,-0.062157884028824086,0.0
llama1b:qwen3b,target_readability_energy,6,-0.7296293579090751,-1.0
llama1b:qwen3b,_z_target_readability_energy,6,-0.7296293579090751,-1.0
llama1b:qwen3b,prior_target_param_b,6,0.853261881334534,0.8406680016960503
llama1b:qwen3b,prior_log_param_ratio_target_over_source,6,0.8534895470896231,0.8406680016960503
llama1b:qwen3b,_z_prior_target_param_b,6,0.8532618813345338,0.8406680016960503
llama1b:qwen3b,_z_log_param_ratio,6,0.8534895470896231,0.8406680016960503
llama1b:qwen3b,diagnostic_target_direction_std_min,6,-0.744212300362952,-0.8285714285714286
llama1b:qwen3b,combined_hidden_direction_score,6,0.8406225613748032,0.8285714285714286
llama1b:qwen3b,combined_ratio_direction_score,6,0.8536369879381887,0.8285714285714286
llama1b:qwen3b,target_hidden_size,6,0.7656023825320907,0.8116794499134278
llama1b:qwen3b,_z_target_hidden_size,6,0.7656023825320907,0.8116794499134278
llama1b:qwen3b,combined_hidden_source_quality_score,6,0.7656023825320906,0.8116794499134278
llama1b:qwen3b,rel_direction_l1_to_target,6,-0.8053456506052817,-0.7714285714285715
llama1b:qwen3b,rel_direction_rmse_to_target,6,-0.8061931589502763,-0.7714285714285715
llama1b:qwen3b,anchor_direction_js_to_target,6,-0.8000037044525742,-0.7714285714285715
llama1b:qwen3b,target_direction_subspace_residual,6,0.8567666557917151,0.7714285714285715
llama1b:qwen3b,capacity_normalized_direction_rmse,6,-0.8287040848917528,-0.7714285714285715
llama1b:qwen3b,diagnostic_target_direction_std_mean,6,-0.6970943736666801,-0.7714285714285715
llama1b:qwen3b,pair_normalized_direction_rmse,6,-0.8161062178007983,-0.7714285714285715
llama1b:qwen3b,source_to_target_anchor_kl,6,-0.7940401538174685,-0.7714285714285715
llama1b:qwen3b,source_target_direction_entropy_gap,6,-0.7754591832005975,-0.7714285714285715
llama1b:qwen3b,_z_neg_direction_rmse,6,0.8061931589502762,0.7714285714285715
llama1b:qwen3b,_z_neg_anchor_js,6,0.8000037044525742,0.7714285714285715
llama1b:qwen3b,_z_neg_subspace_residual,6,-0.856766655791715,-0.7714285714285715
llama1b:qwen3b,_z_neg_pair_norm_direction_rmse,6,0.8161062178007983,0.7714285714285715
llama1b:qwen3b,_z_neg_source_to_target_kl,6,0.7940401538174685,0.7714285714285715
llama1b:qwen3b,_z_neg_direction_entropy_gap,6,0.7754591832005974,0.7714285714285715
llama1b:qwen3b,combined_hidden_js_score,6,0.8059037515264333,0.7714285714285715
llama1b:qwen3b,combined_param_direction_score,6,0.8452122284855458,0.7714285714285715
llama1b:qwen3b,abs_log_hidden_ratio,6,0.7189173262979401,0.753702346348183
llama1b:qwen3b,target_readability_cross_entropy,6,-0.7988407985136502,-0.7142857142857143
llama1b:qwen3b,diagnostic_target_direction_entropy,6,0.8099396468876187,0.7142857142857143
llama1b:qwen3b,_z_neg_target_readability_ce,6,0.7988407985136502,0.7142857142857143
llama1b:qwen3b,target_text_nll,6,-0.512815051265094,-0.6571428571428571
llama1b:qwen3b,target_minus_source_nll,6,-0.512815051265094,-0.6571428571428571
llama1b:qwen3b,memory_target_norm_gap,6,0.22138638592723386,0.6
llama1b:qwen3b,target_readability_tail_frac,6,-0.6166736037894784,-0.6
llama1b:qwen3b,source_target_direction_dispersion_gap,6,-0.6835228993318692,-0.6
llama1b:qwen3b,_z_neg_target_readability_tail,6,0.6166736037894786,0.6
llama1b:qwen3b,_z_neg_direction_dispersion_gap,6,0.6835228993318692,0.6
llama1b:qwen3b,pair_geometry_compatibility_score,6,0.7009772818865506,0.6
llama1b:qwen3b,diagnostic_rel_magnitude_z_abs_mean,6,-0.7124302193554268,-0.42857142857142855
llama1b:qwen3b,diagnostic_target_magnitude_std_mean,6,0.7193507924513981,0.42857142857142855
llama1b:qwen3b,diagnostic_target_magnitude_std_min,6,0.7193507920527953,0.42857142857142855
llama1b:qwen3b,prior_param_tier_jump,6,0.3348668643147654,0.33806170189140666
llama1b:qwen3b,diagnostic_rel_direction_z2_mean,6,-0.25458196355953044,-0.3142857142857143
llama1b:qwen3b,target_readability_z2_mean,6,-0.25458196355953044,-0.3142857142857143
llama1b:qwen3b,_z_neg_target_readability_z2,6,0.25458196355953044,0.3142857142857143
llama1b:qwen3b,rel_magnitude_rmse_to_target,6,0.6458957938658643,0.2571428571428571
llama1b:qwen3b,_z_neg_magnitude_rmse,6,-0.645895793865864,-0.2571428571428571
llama1b:qwen3b,diagnostic_source_direction_entropy_mean,6,0.055579741184845655,0.12344267996967354
llama1b:qwen3b,diagnostic_source_direction_std_mean,6,0.12967239441552475,0.06172133998483677
llama1b:qwen3b,rel_magnitude_l1_to_target,6,0.6275702054259916,-0.02857142857142857
llama1b:qwen3b,source_target_top_anchor_overlap,6,0.015606599609683644,0.02857142857142857
llama1b:qwen3b,_z_top_anchor_overlap,6,0.015606599609683554,0.02857142857142857
llama1b:qwen3b,prior_same_model_family,6,0.16971768079405228,0.0
llama1b:qwen3b,prior_cross_model_family,6,-0.1697176807940523,0.0
llama1b:qwen7b,source_target_top_anchor_overlap,6,0.7902859652239179,0.9428571428571428
llama1b:qwen7b,_z_top_anchor_overlap,6,0.7902859652239179,0.9428571428571428
llama1b:qwen7b,diagnostic_target_direction_std_min,6,-0.7499352782972873,-0.8857142857142857
llama1b:qwen7b,target_readability_energy,6,0.7366452348764704,0.8857142857142857
llama1b:qwen7b,_z_target_readability_energy,6,0.7366452348764703,0.8857142857142857
llama1b:qwen7b,prior_same_model_family,6,-0.7186189971009026,-0.8280786712108251
llama1b:qwen7b,prior_cross_model_family,6,0.7186189971009026,0.8280786712108251
llama1b:qwen7b,target_hidden_size,6,0.8677791106062114,0.7944613465542745
llama1b:qwen7b,abs_log_hidden_ratio,6,-0.812940088780573,-0.7944613465542745
llama1b:qwen7b,_z_target_hidden_size,6,0.8677791106062113,0.7944613465542745
llama1b:qwen7b,combined_hidden_source_quality_score,6,0.8677791106062113,0.7944613465542745
llama1b:qwen7b,combined_hidden_js_score,6,0.8331375581717909,0.7714285714285715
llama1b:qwen7b,diagnostic_source_direction_std_mean,6,0.5464420392226733,0.6789347398332045
llama1b:qwen7b,prior_param_tier_jump,6,-0.7665331689869892,-0.6210590034081188
llama1b:qwen7b,prior_target_param_b,6,0.8150788164336563,0.6087595874350709
llama1b:qwen7b,prior_log_param_ratio_target_over_source,6,0.7298591078078474,0.6087595874350709
llama1b:qwen7b,_z_prior_target_param_b,6,0.8150788164336562,0.6087595874350709
llama1b:qwen7b,_z_log_param_ratio,6,0.7298591078078474,0.6087595874350709
llama1b:qwen7b,rel_magnitude_l1_to_target,6,-0.7156537620071348,-0.5428571428571428
llama1b:qwen7b,rel_magnitude_rmse_to_target,6,-0.7256844994607484,-0.5428571428571428
llama1b:qwen7b,_z_neg_magnitude_rmse,6,0.7256844994607484,0.5428571428571428
llama1b:qwen7b,combined_hidden_direction_score,6,0.7901323381799438,0.5428571428571428
llama1b:qwen7b,diagnostic_source_direction_entropy_mean,6,0.349523945272831,0.49377071987869414
llama1b:qwen7b,diagnostic_rel_magnitude_z_abs_mean,6,0.18203262698705336,0.4857142857142857
llama1b:qwen7b,diagnostic_target_direction_std_mean,6,-0.7244185082743566,-0.4857142857142857
llama1b:qwen7b,diagnostic_target_magnitude_std_mean,6,-0.3193009881052487,-0.4857142857142857
llama1b:qwen7b,diagnostic_target_magnitude_std_min,6,-0.31930099039465487,-0.4857142857142857
llama1b:qwen7b,anchor_direction_js_to_target,6,-0.7591911789362263,-0.42857142857142855
llama1b:qwen7b,target_readability_cross_entropy,6,-0.7167143292046647,-0.42857142857142855
llama1b:qwen7b,source_to_target_anchor_kl,6,-0.7195495461120337,-0.42857142857142855
llama1b:qwen7b,source_target_direction_entropy_gap,6,-0.7631940212986664,-0.42857142857142855
llama1b:qwen7b,source_target_direction_dispersion_gap,6,-0.7424865488804179,-0.42857142857142855
llama1b:qwen7b,_z_neg_anchor_js,6,0.7591911789362263,0.42857142857142855
llama1b:qwen7b,_z_neg_target_readability_ce,6,0.7167143292046646,0.42857142857142855
llama1b:qwen7b,_z_neg_source_to_target_kl,6,0.7195495461120336,0.42857142857142855
llama1b:qwen7b,_z_neg_direction_entropy_gap,6,0.7631940212986663,0.42857142857142855
llama1b:qwen7b,_z_neg_direction_dispersion_gap,6,0.7424865488804178,0.42857142857142855
llama1b:qwen7b,pair_geometry_compatibility_score,6,0.7271834586949955,0.42857142857142855
llama1b:qwen7b,memory_target_norm_gap,6,0.38202055965997644,0.3142857142857143
llama1b:qwen7b,diagnostic_target_direction_entropy,6,0.7746812457248319,0.3142857142857143
llama1b:qwen7b,combined_param_direction_score,6,0.717064148143754,0.3142857142857143
llama1b:qwen7b,combined_ratio_direction_score,6,0.6679057019464844,0.3142857142857143
llama1b:qwen7b,target_direction_subspace_residual,6,0.8008413075186452,0.2571428571428571
llama1b:qwen7b,_z_neg_subspace_residual,6,-0.8008413075186454,-0.2571428571428571
llama1b:qwen7b,rel_direction_l1_to_target,6,-0.5681082276138972,-0.2
llama1b:qwen7b,rel_direction_rmse_to_target,6,-0.5825275671243826,-0.2
llama1b:qwen7b,capacity_normalized_direction_rmse,6,-0.6234747746633024,-0.2
llama1b:qwen7b,diagnostic_rel_direction_z2_mean,6,-0.42558703727282693,-0.2
llama1b:qwen7b,pair_normalized_direction_rmse,6,-0.586982172904897,-0.2
llama1b:qwen7b,target_readability_z2_mean,6,-0.42558703727282693,-0.2
llama1b:qwen7b,target_readability_tail_frac,6,-0.1624476097882031,-0.2
llama1b:qwen7b,_z_neg_direction_rmse,6,0.5825275671243826,0.2
llama1b:qwen7b,_z_neg_pair_norm_direction_rmse,6,0.5869821729048968,0.2
llama1b:qwen7b,_z_neg_target_readability_z2,6,0.42558703727282693,0.2
llama1b:qwen7b,_z_neg_target_readability_tail,6,0.1624476097882031,0.2
llama1b:qwen7b,target_text_nll,6,-0.11101170918174064,0.08571428571428572
llama1b:qwen7b,target_minus_source_nll,6,-0.11101170918174064,0.08571428571428572
