pair,encoder,source,target,n_samples,n_anchors,rel_direction_l1_to_target,rel_direction_rmse_to_target,rel_magnitude_l1_to_target,rel_magnitude_rmse_to_target,memory_target_norm_gap,anchor_direction_js_to_target,target_direction_subspace_residual,capacity_normalized_direction_rmse,diagnostic_rel_direction_z2_mean,diagnostic_rel_magnitude_z_abs_mean,diagnostic_target_direction_std_mean,diagnostic_target_direction_std_min,diagnostic_target_magnitude_std_mean,diagnostic_target_magnitude_std_min,target_text_nll,source_native_nll,target_minus_source_nll,source_hidden_size,target_hidden_size,abs_log_hidden_ratio,prior_same_model_family,prior_cross_model_family,prior_target_param_b,prior_source_param_b,prior_log_param_ratio_target_over_source,prior_param_tier_jump,pair_normalized_direction_rmse,target_readability_z2_mean,target_readability_tail_frac,target_magnitude_tail_frac,target_readability_cross_entropy,source_to_target_anchor_kl,target_readability_energy,source_target_top_anchor_overlap,source_target_direction_entropy_gap,source_target_direction_dispersion_gap,diagnostic_source_direction_entropy_mean,diagnostic_target_direction_entropy,diagnostic_source_direction_std_mean
gpt2:llama1b->llama3b,gpt2,llama1b,llama3b,128,512,0.1546903771813959,0.1621782740112394,3.258440190926194,3.2596081532537937,3.102797500556335,0.031247402119333856,0.015287618174625095,0.020196335693040614,5.847892940044403,31.468310564756393,0.06417271494865417,0.04600384086370468,0.10354672372341156,0.10354671627283096,3.0276303105056286,0.2879994116810849,2.7396308988245437,2048,3072,0.40546510810653674,1.0,0.0,3.0,1.0,1.098612288001443,2.0,2.0492286897050342,5.837691843509674,0.8082747459411621,1.0,6.352549787610769,0.13480811880435795,0.0019383261706025223,0.019073486328125,0.08437171205878258,1.4599983004413333,6.217741634696722,6.1333699226379395,0.014903249910275918
gpt2:llama1b->llama8b,gpt2,llama1b,llama8b,128,512,0.023265850642928854,0.02828203786339145,3.308384945616126,3.3458901830017567,3.7477160145062953,0.004977284366759704,0.7253635367378592,0.003400196314311397,1.063234486617148,4.128253817558289,0.047761958092451096,2.7864276858080572e-11,0.8014005422592163,0.8014005422592163,2.9135442646220326,0.28728276312176604,2.6262615015002666,2048,4096,0.6931471805575039,1.0,0.0,8.0,1.0,2.0794415408048357,2.0,0.4523957856353757,1.0740686641074717,0.0018935203552246094,1.0,6.2386198826134205,0.02005812042625621,0.0019537620846676873,0.0785980224609375,0.019136782735586166,1.1844153168479716,6.21856177225709,6.237698554992676,0.014611569917178713
gpt2:llama1b->mistral7b,gpt2,llama1b,mistral7b,128,512,0.036848281451966614,0.04191031027585268,3.1781300976872444,3.1825330201536417,4.9653506083996035,0.0052974961581639946,0.5807462325319648,0.00503864973308939,0.739606776740402,28.4949109852314,0.04879947751760483,0.04660823941230774,0.1115332543849945,0.11153324693441391,2.5233965599909425,0.28852461438509636,2.234871945605846,2048,4096,0.6931471805575039,0.0,1.0,7.0,1.0,1.9459101481981704,2.0,0.6585558669486811,0.7363480846397579,0.002220630645751953,1.0,6.23874855786562,0.021319395818863995,0.0019540779630915495,0.0614013671875,0.019946061074733734,1.1999958928258088,6.21742919832468,6.237375259399414,0.014698173552460503
gpt2:llama1b->qwen1.5b,gpt2,llama1b,qwen1.5b,128,512,0.08987816795706749,0.09678946831263602,3.2440525367856026,3.2461350858211517,3.1426692936802283,0.01809321899781935,0.04176911027752794,0.013192081307352953,2.2924855146557093,34.139543890953064,0.06148760765790939,0.04903706535696983,0.09502331912517548,0.09502331167459488,2.9349014153704047,0.29260058554064017,2.6423008298297646,2048,1536,0.2876820724501533,0.0,1.0,1.5,1.0,0.405465107774831,1.0,1.2699241070152805,2.285057369619608,0.1057443618774414,1.0,6.296002168208361,0.0783025569980964,0.001946680232322251,0.06866455078125,0.026605699211359024,1.4373260036693374,6.217699620872736,6.191093921661377,0.014607120676373597
gpt2:llama1b->qwen3b,gpt2,llama1b,qwen3b,128,512,0.06472283732728101,0.07120894867694005,3.244644161313772,3.246570197865367,3.0668027999345213,0.013296312768943608,0.07740879734046757,0.009339345193006577,1.5172281675040722,34.68109706044197,0.05605114996433258,0.04735105484724045,0.09355656802654266,0.09355656057596207,2.806918393820524,0.2858681448196876,2.5210502490008366,2048,2048,0.0,0.0,1.0,3.0,1.0,1.098612288001443,2.0,1.0061275407487835,1.5121210282668471,0.02866220474243164,1.0,6.273780085146427,0.056080435460899025,0.0019480080636640196,0.06992340087890625,0.008787725120782852,1.3447550324990356,6.217699620872736,6.208911895751953,0.014607120676373597
gpt2:llama1b->qwen7b,gpt2,llama1b,qwen7b,128,512,0.019615124401752837,0.024610839143861085,3.2439336255192757,3.249287137761712,3.346829851565417,0.0054615944100078195,0.7243548962287605,0.0030071032690499352,0.20799957239069045,19.531746044754982,0.05401451885700226,0.05000661313533783,0.16608518362045288,0.1660851687192917,2.7019879138097167,0.2931436177168507,2.408844296092866,2048,3584,0.55961578793333,0.0,1.0,7.0,1.0,1.9459101481981704,2.0,0.3579809882095419,0.20724498387426138,3.814697265625e-06,1.0,6.2396099008619785,0.02191025907814037,0.001953373596734309,0.06462860107421875,0.01920643076300621,1.3077432513075251,6.217699620872736,6.236906051635742,0.014607120676373597
gpt2:llama3b->llama1b,gpt2,llama3b,llama1b,128,512,0.13172603189013898,0.13891357800457627,3.662292690947652,3.66347074508667,3.817935384460725,0.0243567161669489,0.01709830826439429,0.018219084554474185,4.135790115222335,38.03686064481735,0.06511299312114716,0.04729097709059715,0.0962827205657959,0.0962827205657959,3.2864207942038774,0.24862251406739233,3.037798280136485,3072,2048,0.4054651081065368,1.0,0.0,1.0,3.0,-1.098612288001443,1.0,1.77328598056824,4.15354373306036,0.5759196281433105,1.0,6.328438371419907,0.10374395892722532,0.001970358409380424,0.1035003662109375,0.08366885781288147,1.5812782046440206,6.224694401025772,6.141025543212891,0.013394515321124345
gpt2:llama3b->llama8b,gpt2,llama3b,llama8b,128,512,0.0156709014045191,0.019721767748706043,3.710870884358883,3.7400176748633385,4.305733593646437,0.0035383647264097817,0.7539847088046372,0.0023710413773844795,1.786570006981492,4.630482021719217,0.047761958092451096,2.7864276858080572e-11,0.8014005422592163,0.8014005422592163,2.9135442646220326,0.25074529129778966,2.662798973324243,3072,4096,0.2876820724509672,1.0,0.0,8.0,3.0,0.9808292528033928,2.0,0.3246604559300701,1.7366022625938058,0.0019083023071289062,1.0,6.238750584423542,0.014132250893453602,0.001953526047145715,0.089202880859375,0.013080228120088577,1.2720140101650494,6.224618326872587,6.237698554992676,0.013386074082518462
gpt2:llama3b->mistral7b,gpt2,llama3b,mistral7b,128,512,0.028489566524513066,0.03301802830537781,3.5980529207736254,3.601997835561633,5.523993563489057,0.0037416297036543256,0.6229740669950843,0.003969578808007168,0.45790578075684607,32.259911462664604,0.04879947751760483,0.04660823941230774,0.1115332543849945,0.11153324693441391,2.5233965599909425,0.24764307383156847,2.275753486159374,3072,4096,0.2876820724509672,0.0,1.0,7.0,3.0,0.8472978601967275,1.0,0.5353324020316598,0.4625355221796781,0.00014543533325195312,1.0,6.238033197820187,0.014998759819718543,0.001955476305738557,0.054931640625,0.01434081420302391,1.3089358324817553,6.22303444519639,6.237375259399414,0.013181089911086019
gpt2:llama3b->qwen1.5b,gpt2,llama3b,qwen1.5b,128,512,0.0800323681323789,0.08611718669999391,3.6481587942689657,3.6503168661147356,3.7021280030021444,0.014118696868536063,0.03450194973265752,0.011737484963108315,1.8085555341094732,38.3922513127327,0.06148760765790939,0.04903706535696983,0.09502331912517548,0.09502331167459488,2.9349014153704047,0.25078357610618696,2.6841178392642178,3072,1536,0.6931471805566901,0.0,1.0,1.5,3.0,-0.6931471802266119,1.0,1.153858829026547,1.82271848898381,0.026084423065185547,1.0,6.2855413891375065,0.061138274759287015,0.001963048558536684,0.06313323974609375,0.033309198915958405,1.5207986987273163,6.224403120577335,6.191093921661377,0.013437326211715117
gpt2:llama3b->qwen3b,gpt2,llama3b,qwen3b,128,512,0.05489845012198202,0.060516358353197575,3.646818934008479,3.648766966536641,3.6243299603811465,0.0096980268281186,0.06826040870510042,0.00793696818988742,1.0917885638773441,38.979830622673035,0.05605114996433258,0.04735105484724045,0.09355656802654266,0.09355656057596207,2.806918393820524,0.2465352592698764,2.560383134550648,3072,2048,0.4054651081065368,0.0,1.0,3.0,3.0,0.0,0.0,0.875406940212929,1.1032213759608567,0.003188610076904297,1.0,6.2653812281787395,0.04097810125676915,0.00196178680016601,0.05181121826171875,0.015491224825382233,1.4282277275570145,6.224403120577335,6.208911895751953,0.013437326211715117
gpt2:llama3b->qwen7b,gpt2,llama3b,qwen7b,128,512,0.014779594253923278,0.01866627056733705,3.645697794854641,3.650799850001931,3.9039464292582124,0.0036959473145543598,0.7902015973813832,0.0022807594213223414,0.11979296093340963,21.95077136158943,0.05401451885700226,0.05000661313533783,0.16608518362045288,0.1660851687192917,2.7019879138097167,0.2498439520568354,2.4521439617528813,3072,3584,0.15415067982679323,0.0,1.0,7.0,3.0,0.8472978601967275,1.0,0.27759061907080645,0.12051522609544918,0.0,1.0,6.239204321056604,0.014801188248384278,0.0019541706788004376,0.046630859375,0.01250293105840683,1.3912159463655038,6.224403120577335,6.236906051635742,0.013437326211715117
gpt2:llama8b->llama1b,gpt2,llama8b,llama1b,128,512,0.13351902726572007,0.14278244355227798,3.965933820232749,4.042144482955337,3.4718076022691093,0.03256192192202434,0.012816515714803245,0.018726502112613445,3.9591811187565327,40.74634391069412,0.06723786145448685,0.04718389734625816,0.09733225405216217,0.09733225405216217,3.2864207942038774,0.19184524664160563,3.094575547562272,4096,2048,0.6931471805575039,1.0,0.0,1.0,8.0,-2.0794415408048357,1.0,1.8259201505228715,3.9592541605234146,0.548184871673584,1.0,6.364767249673605,0.1395409284159541,0.001922333250149677,0.0326080322265625,0.09403983131051064,1.8142109989612976,6.225226316601038,6.131186485290527,0.010957506434351671
gpt2:llama8b->llama3b,gpt2,llama8b,llama3b,128,512,0.14349926530849189,0.1525156304705888,3.9657369684427977,4.041916454210877,3.3175644342554733,0.03451960068196058,0.009761388595507015,0.018993030294589736,4.724719002842903,38.216919749975204,0.06600110232830048,0.04603511095046997,0.10376913845539093,0.10376913100481033,3.0276303105056286,0.18840039008500753,2.839229920420621,4096,3072,0.28768207245096716,1.0,0.0,3.0,8.0,-0.9808292528033928,1.0,1.9817532091602807,4.724885251373053,0.6949748992919922,1.0,6.371422860771418,0.1461965364869684,0.0019216516902815783,0.03142547607421875,0.10500279441475868,1.7956459422070479,6.225226316601038,6.120223522186279,0.010957506434351671
gpt2:llama8b->mistral7b,gpt2,llama8b,mistral7b,128,512,0.027459655233542435,0.031218666772474535,4.05893262848258,4.210401721298695,5.183692613558378,0.003025893613084918,0.5682026455178857,0.0037532513113167376,0.41166033828631043,36.39212945103645,0.04879947751760483,0.04660823941230774,0.1115332543849945,0.11153324693441391,2.5233965599909425,0.19100297239310748,2.332393587597835,4096,4096,0.0,0.0,1.0,7.0,8.0,-0.13353139260666555,0.0,0.52229828840785,0.41208977717906237,7.62939453125e-06,1.0,6.238962739706039,0.012148038389568683,0.0019537416847015265,0.04146575927734375,0.010560568422079086,1.4897256046089657,6.226814690977335,6.237375259399414,0.011001078324625269
gpt2:llama8b->qwen1.5b,gpt2,llama8b,qwen1.5b,128,512,0.08334745978936553,0.09014198411023244,3.9198731016367674,3.9238977562636137,3.3608448606100865,0.017666658764937893,0.026380269904620945,0.012286051409511231,1.9552363315597177,41.25169998407364,0.06148760765790939,0.04903706535696983,0.09502331912517548,0.09502331167459488,2.9349014153704047,0.1888672568511538,2.746034158519251,4096,1536,0.9808292530076572,0.0,1.0,1.5,8.0,-1.6739764330300049,1.0,1.242651120002038,1.9557413822039962,0.03966856002807617,1.0,6.302458819001913,0.07685528660658747,0.0019358356139491661,0.03830718994140625,0.03450958430767059,1.7157045250147558,6.2256035059690475,6.191093921661377,0.011057737247028854
gpt2:llama8b->qwen3b,gpt2,llama8b,qwen3b,128,512,0.058181150641757995,0.06459865969372913,3.921627763658762,3.9254763685166836,3.2861414600047283,0.012691307070781477,0.051351069734664634,0.0084723787261961,1.2233908521011472,41.91718626022339,0.05605114996433258,0.04735105484724045,0.09355656802654266,0.09355656057596207,2.806918393820524,0.18791037281698664,2.6190080210035376,4096,2048,0.6931471805575039,0.0,1.0,3.0,8.0,-0.9808292528033928,1.0,0.9626020594954815,1.2235209634527564,0.004421710968017578,1.0,6.279194191098213,0.05359066490200348,0.0019382094660613802,0.0352935791015625,0.01669161021709442,1.623133553844454,6.2256035059690475,6.208911895751953,0.011057737247028854
gpt2:llama8b->qwen7b,gpt2,llama8b,qwen7b,128,512,0.013965441852633376,0.01740409257763531,3.920762276276946,3.925599839538336,3.566013510862831,0.003450917187365121,0.7035139761865139,0.0021265387733887774,0.10393056308384985,23.60693596303463,0.05401451885700226,0.05000661313533783,0.16608518362045288,0.1660851687192917,2.7019879138097167,0.18902748127220548,2.5129604325375112,4096,3584,0.13353139262417382,0.0,1.0,7.0,8.0,-0.13353139260666555,0.0,0.2676344969854711,0.10405753244413063,0.0,1.0,6.239451639354229,0.013848106580553576,0.001953691544258618,0.051513671875,0.011302545666694641,1.5861217726529433,6.2256035059690475,6.236906051635742,0.011057737247028854
gpt2:mistral7b->llama1b,gpt2,mistral7b,llama1b,128,512,0.07313256053021178,0.07837560417829081,4.7531529776751995,4.7589326202869415,2.9659326128312387,0.013761857007921208,0.04455151982256211,0.010279281406784007,1.6771425399929285,47.50369295477867,0.05816026031970978,0.04653429985046387,0.10005860030651093,0.10005860030651093,3.2864207942038774,0.06558171958022285,3.2208390746236546,4096,2048,0.6931471805575039,0.0,1.0,1.0,7.0,-1.9459101481981704,1.0,1.1217614833124525,1.6851623365655541,0.008023262023925781,1.0,6.284265793859959,0.05674976884620264,0.0019448536422714824,0.04781341552734375,0.0330398790538311,1.5901797574083667,6.227516006678343,6.194476127624512,0.011858226906042546
gpt2:mistral7b->llama3b,gpt2,mistral7b,llama3b,128,512,0.07929423521272838,0.08457648498006165,4.750645563006401,4.756370808929205,2.8247049048077315,0.0150507840589853,0.03045762843976263,0.010532453208105754,2.053179985843599,43.72020944952965,0.05670587718486786,0.04595469310879707,0.10866017639636993,0.10866016894578934,3.0276303105056286,0.06576107435921585,2.9618692361464127,4096,3072,0.28768207245096716,0.0,1.0,3.0,7.0,-0.8472978601967274,1.0,1.2359001467871573,2.0618782490491867,0.030867576599121094,1.0,6.289369639009237,0.06185363666736521,0.0019442278899077792,0.0595703125,0.039429496973752975,1.5648553120955948,6.227516006678343,6.18808650970459,0.011858226906042546
gpt2:mistral7b->llama8b,gpt2,mistral7b,llama8b,128,512,0.02200600154174026,0.026058631148771383,4.853785380721092,4.8845500238239765,3.6270867264829576,0.0031395481473737163,0.3300620566587895,0.0031328881608896756,1.1255752081051469,4.3381063640117645,0.04798778146505356,2.6038948774953496e-11,1.1188719272613525,1.118871808052063,2.9135442646220326,0.06512500571079727,2.8484192589112354,4096,4096,0.0,0.0,1.0,8.0,7.0,0.13353139260666547,0.0,0.43805146020381674,1.1136086746118963,0.0034852027893066406,1.0,6.240140583366156,0.012624575676454697,0.0019547171832527965,0.1306915283203125,0.00820176675915718,1.3979239104097414,6.227516006678343,6.2357177734375,0.011858226906042546
gpt2:mistral7b->qwen1.5b,gpt2,mistral7b,qwen1.5b,128,512,0.04169803479453549,0.048527837701840326,4.745997544378042,4.751660533249378,2.8788130073226057,0.012791716784704477,0.07933535170741379,0.006614182222438438,0.5000160553026944,45.76365774869919,0.06299355626106262,0.04985617473721504,0.10370670258998871,0.10370668768882751,2.9349014153704047,0.06901739853128674,2.865884016839118,4096,1536,0.9808292530076572,0.0,1.0,1.5,7.0,-1.5404450404233394,1.0,0.6508346073108701,0.5018971252720803,0.0,1.0,6.281348466873169,0.053956591815222055,0.0019473722277325578,0.07694244384765625,0.02693578600883484,1.6845284045454851,6.227391928434372,6.200456142425537,0.011687306498060934
gpt2:mistral7b->qwen3b,gpt2,mistral7b,qwen3b,128,512,0.02866809158877004,0.03500513706239872,4.747371055185795,4.753183767199516,2.8032761793001555,0.008805426303297281,0.15553646301850677,0.004591067058684431,0.3155770523007959,44.06658113002777,0.05740310996770859,0.048326294869184494,0.10773177444934845,0.10773177444934845,2.806918393820524,0.06810261628197622,2.738815777538548,4096,2048,0.6931471805575039,0.0,1.0,3.0,7.0,-0.8472978601967274,1.0,0.5074880830988647,0.3167997826822102,0.0,1.0,6.263775307685137,0.036383432714501396,0.0019479229222270078,0.07552337646484375,0.011055201292037964,1.5915944628955994,6.227391928434372,6.216336727142334,0.011687306498060934
gpt2:mistral7b->qwen7b,gpt2,mistral7b,qwen7b,128,512,0.01664594392059371,0.02074811929196585,4.854917898774147,4.8907373659312725,3.127342262014281,0.0035204862488171784,0.4408879766706377,0.002535132466829011,0.9738536952063441,4.236723739653826,0.054259926080703735,0.0,1.1459132432937622,1.1459132432937622,2.7019879138097167,0.06556198212183517,2.6364259316878815,4096,3584,0.13353139262417382,0.0,1.0,7.0,7.0,0.0,0.0,0.31586660605286715,0.9612268786877394,0.0034852027893066406,1.0,6.2414933405816555,0.014101481036050245,0.0019534258117346326,0.081085205078125,0.007591038942337036,1.535281935420483,6.227391928434372,6.234982967376709,0.011687306498060934
gpt2:qwen1.5b->llama1b,gpt2,qwen1.5b,llama1b,128,512,0.10653891682159156,0.11377006775001064,4.765095956623554,4.782761704176664,4.866479152638931,0.019649118679808453,0.04710678383708,0.014921410231312422,3.0115431118756533,52.19580712914467,0.06303035467863083,0.04704546183347702,0.09129269421100616,0.09129269421100616,3.2864207942038774,0.46860674978233874,2.8178140444215387,1536,2048,0.2876820724501533,0.0,1.0,1.0,1.5,-0.4054651077748311,1.0,1.5324447099565959,3.0130966175347567,0.25443077087402344,1.0,6.285418592393398,0.08083033422008157,0.0020053143107361393,0.09297943115234375,0.04231240972876549,1.724904162252742,6.204588200896978,6.162275791168213,0.011231378768570721
gpt2:qwen1.5b->llama3b,gpt2,qwen1.5b,llama3b,128,512,0.11716817144770175,0.12409544258844107,4.764029279351234,4.781818352639675,4.710060162702575,0.02077476232079789,0.03935710189398378,0.015453816066132957,3.711566062644124,48.17623856663704,0.06205273047089577,0.04581158608198166,0.09888753294944763,0.09888751804828644,3.0276303105056286,0.47461482213111594,2.5530154883745126,1536,3072,0.6931471805566901,0.0,1.0,3.0,1.5,0.6931471802266119,1.0,1.6937097647295176,3.7129681538790464,0.420562744140625,1.0,6.289617292582989,0.08502906170906499,0.0020066623528691707,0.11856842041015625,0.04879167303442955,1.7092722491513739,6.204588200896978,6.155796527862549,0.011231378768570721
gpt2:qwen1.5b->llama8b,gpt2,qwen1.5b,llama8b,128,512,0.02231669805769343,0.027633662059088238,4.765994429588318,4.7854663245379925,5.3250227406970225,0.009116914181504399,0.7242027665488422,0.0033222456011863665,0.32979188673198223,37.05910795927048,0.04787277802824974,0.04629664495587349,0.1286052167415619,0.1286052167415619,2.9135442646220326,0.4744302427279763,2.4391140218940563,1536,4096,0.9808292530076573,0.0,1.0,8.0,1.5,1.6739764330300049,2.0,0.46772356774144375,0.33004899718798697,0.00016355514526367188,1.0,6.241107057780027,0.036518816254101694,0.0019497808434607578,0.07457733154296875,0.0326363779604435,1.4498348163180415,6.204588200896978,6.237224578857422,0.011231378768570721
gpt2:qwen1.5b->mistral7b,gpt2,qwen1.5b,mistral7b,128,512,0.030195977349649183,0.03646113889408298,4.7163216061890125,4.7355698347091675,6.583506141032558,0.008198857409297489,0.5622884356416762,0.004383525355636814,0.5619258559308946,45.33976632356644,0.048695340752601624,0.04637666419148445,0.10402174293994904,0.10402174293994904,2.5233965599909425,0.4705852223560214,2.052811337634921,1536,4096,0.9808292530076573,0.0,1.0,7.0,1.5,1.5404450404233394,2.0,0.6097878508008127,0.5631237123161554,0.002715587615966797,1.0,6.239183098077774,0.03308609550003894,0.0019533393351593986,0.03525543212890625,0.031229611486196518,1.4728544565315482,6.206097010523081,6.237326622009277,0.011164378360263072
gpt2:qwen1.5b->qwen3b,gpt2,qwen1.5b,qwen3b,128,512,0.05762343731475994,0.06563023442868143,4.787243291735649,4.804248563945293,4.715070199104957,0.01715328439604491,0.1095575702493079,0.008607673976598017,1.125766976736486,30.125758573412895,0.05838809162378311,0.04814695939421654,0.1589086353778839,0.1589086353778839,2.806918393820524,0.4713157524820417,2.3356026413384825,1536,2048,0.2876820724501533,1.0,0.0,3.0,1.5,0.6931471802266119,1.0,0.9429958675281616,1.12724566180259,0.007176876068115234,1.0,6.273954164236784,0.06729290814837441,0.0020153591303824214,0.13275146484375,0.04281240701675415,1.6463918609582613,6.206661283969879,6.163848876953125,0.011253952274273615
gpt2:qwen1.5b->qwen7b,gpt2,qwen1.5b,qwen7b,128,512,0.02268171141622588,0.028313947535934858,4.980391938239336,5.04802156239748,5.191220628214069,0.008206143873394467,0.7691773418337107,0.003459571764185704,27.240568473935127,3.0419572442770004,0.053509436547756195,0.0,1.637232780456543,1.6372325420379639,2.7019879138097167,0.46960167115321383,2.232386242656503,1536,3584,0.8472978603834834,1.0,0.0,7.0,1.5,1.5404450404233394,2.0,0.4373637835092756,27.313182577490807,0.0078125,0.991828441619873,6.239722277969122,0.033061015885323286,0.001953360409970628,0.09351348876953125,0.030214250087738037,1.5591379405017731,6.206661283969879,6.236875534057617,0.011253952274273615
gpt2:qwen3b->llama1b,gpt2,qwen3b,llama1b,128,512,0.12677358463406563,0.13339660898782313,4.833334617316723,4.8344879895448685,5.011175989056937,0.021631866533425637,0.02855430793715641,0.01749551147800121,4.1676004603505135,52.943278074264526,0.06303035467863083,0.04704546183347702,0.09129269421100616,0.09129269421100616,3.2864207942038774,0.32597759549389593,2.9604431987099815,2048,2048,0.0,0.0,1.0,1.0,3.0,-1.098612288001443,1.0,1.8546864865645802,4.163334041833878,0.5622014999389648,1.0,6.309906020760536,0.09406817448325455,0.001977644571525161,0.13884735107421875,0.05356203764677048,1.9625935625295639,6.215837828814983,6.162275791168213,0.00885535089764744
gpt2:qwen3b->llama3b,gpt2,qwen3b,llama3b,128,512,0.13735459209419787,0.1438047121046111,4.831813968718052,4.833042107522488,4.854302856256254,0.022690612604492344,0.022586394305108115,0.017908244847300005,5.016341485083103,48.861710637807846,0.06205273047089577,0.04581158608198166,0.09888753294944763,0.09888751804828644,3.0276303105056286,0.32391816400922835,2.7037121464964002,2048,3072,0.40546510810653674,0.0,1.0,3.0,3.0,0.0,0.0,2.026724767127665,5.0099597834050655,0.7342038154602051,1.0,6.31414857134223,0.09831075224792585,0.0019799638521362795,0.1312408447265625,0.06004130095243454,1.9469616494281958,6.215837828814983,6.155796527862549,0.00885535089764744
gpt2:qwen3b->llama8b,gpt2,qwen3b,llama8b,128,512,0.024174590871552937,0.02923567485413514,4.832163270562887,4.835047695785761,5.467649739002809,0.006150967579742428,0.5907867653295398,0.003514846927424213,0.37127648014575243,37.57361915707588,0.04787277802824974,0.04629664495587349,0.1286052167415619,0.1286052167415619,2.9135442646220326,0.3213228037056979,2.5922214609163348,2048,4096,0.6931471805575039,0.0,1.0,8.0,3.0,0.9808292528033928,2.0,0.5143625290302614,0.36981898616068065,8.7738037109375e-05,1.0,6.2408243380486965,0.024986501259263605,0.001950410645804368,0.0344696044921875,0.021386750042438507,1.6875242165948636,6.215837828814983,6.237224578857422,0.00885535089764744
gpt2:qwen3b->mistral7b,gpt2,qwen3b,mistral7b,128,512,0.04038519467576407,0.04554852575529367,4.782670199871063,4.7854578122496605,6.726765043684281,0.006583585429325467,0.4977475102059543,0.005476052685578842,0.8738125003874302,45.97759938240051,0.048695340752601624,0.04637666419148445,0.10402174293994904,0.10402174293994904,2.5233965599909425,0.31608367251465097,2.2073128874762915,2048,4096,0.6931471805575039,0.0,1.0,7.0,3.0,0.8472978601967275,1.0,0.7894033012537524,0.8720447700470686,0.0024433135986328125,1.0,6.240150790661573,0.026678843059926294,0.0019515744925229228,0.08209991455078125,0.023854684084653854,1.6943931283087874,6.2134719379246235,6.237326622009277,0.008945846195274498
gpt2:qwen3b->qwen1.5b,gpt2,qwen3b,qwen1.5b,128,512,0.10120049788383767,0.10835457139182836,4.860012277960777,4.860688153654337,4.932185368845239,0.02352602401515469,0.0317726429348113,0.014768366235955102,2.7083122450858355,33.253244519233704,0.0629504844546318,0.04916366562247276,0.14615151286125183,0.14615151286125183,2.9349014153704047,0.32296354274149053,2.611937872628914,2048,1536,0.2876820724501533,1.0,0.0,1.5,3.0,-0.6931471802266119,1.0,1.50269835568843,2.7047044187784195,0.17831945419311523,1.0,6.309644423425198,0.09403126337565482,0.00201715368348232,0.28966522216796875,0.08720854297280312,1.9331893029105287,6.215613160282373,6.12840461730957,0.009108046142500825
gpt2:qwen3b->qwen7b,gpt2,qwen3b,qwen7b,128,512,0.01908590276434552,0.023680614365730435,5.049457676708698,5.097001876682043,5.335476758889854,0.0063886436182656325,0.6960391141474247,0.002893442700431507,16.761101439595222,3.0841417480260134,0.053509436547756195,0.0,1.637232780456543,1.6372325420379639,2.7019879138097167,0.3231987139733974,2.3787891998363193,2048,3584,0.55961578793333,1.0,0.0,7.0,3.0,0.8472978601967275,1.0,0.3779703703590602,16.859209552407265,0.0078125,0.998438835144043,6.241417706012726,0.025804553719353862,0.0019501349543133983,0.0506134033203125,0.02126237377524376,1.770698897032133,6.215613160282373,6.236875534057617,0.009108046142500825
gpt2:qwen7b->llama1b,gpt2,qwen7b,llama1b,128,512,0.126994134276174,0.13360592862591147,5.276587050408125,5.279831826686859,5.173690859461203,0.021204230113653466,0.022783951222663745,0.01752296460562217,4.122033402323723,57.79856765270233,0.06303035467863083,0.04704546183347702,0.09129269421100616,0.09129269421100616,3.2864207942038774,0.2673298054141924,3.019090988789685,3584,2048,0.5596157879333301,0.0,1.0,1.0,7.0,-1.9459101481981704,1.0,1.8801874767052322,4.12353341281414,0.5627202987670898,1.0,6.314373768866062,0.08950372796971351,0.001959147790330462,0.0707855224609375,0.06259428709745407,2.0589031683837637,6.224870078265667,6.162275791168213,0.008042276400374249
gpt2:qwen7b->llama3b,gpt2,qwen7b,llama3b,128,512,0.13762612314894795,0.14405909657943994,5.278302025049925,5.281664565205574,5.020053365966305,0.022480799743789248,0.01743637963954825,0.01793992377766268,4.970277585089207,53.37682008743286,0.06205273047089577,0.04581158608198166,0.09888753294944763,0.09888751804828644,3.0276303105056286,0.2756585761089809,2.7519717343966477,3584,3072,0.15415067982679323,0.0,1.0,3.0,7.0,-0.8472978601967274,1.0,2.055591390594521,4.972164731472731,0.7289648056030273,1.0,6.319353401660919,0.09448333963518962,0.0019589720977819525,0.07562255859375,0.06907355040311813,2.043271255282396,6.224870078265667,6.155796527862549,0.008042276400374249
gpt2:qwen7b->llama8b,gpt2,qwen7b,llama8b,128,512,0.02175871399231255,0.02613120386376977,5.2773659117519855,5.280828662216663,5.632114703767002,0.003674011210023309,0.5839963140897453,0.0031416131855590084,0.29524401971139014,41.03539577126503,0.04787277802824974,0.04629664495587349,0.1286052167415619,0.1286052167415619,2.9135442646220326,0.2707628302159719,2.6427814344060607,3584,4096,0.13353139262417382,0.0,1.0,8.0,7.0,0.13353139260666547,0.0,0.4676775436757123,0.295659719966352,5.7220458984375e-06,1.0,6.2396080531179905,0.014737999219505582,0.0019527349368217983,0.0217132568359375,0.012354500591754913,1.7838338224490635,6.224870078265667,6.237224578857422,0.008042276400374249
gpt2:qwen7b->mistral7b,gpt2,qwen7b,mistral7b,128,512,0.038507779710926116,0.04196765736560337,5.26957268640399,5.395049255341291,6.891305314260535,0.0037269366075634025,0.47318358113989234,0.0050455442632554495,0.7443176619708538,50.65837571024895,0.048695340752601624,0.04637666419148445,0.10402174293994904,0.10402174293994904,2.5233965599909425,0.2652494797075633,2.258147080283379,3584,4096,0.13353139262417382,0.0,1.0,7.0,7.0,0.0,0.0,0.737869769078526,0.7441469253972173,0.0011553764343261719,1.0,6.2399312518537045,0.0150694127951283,0.001952007877662254,0.1146087646484375,0.012464795261621475,1.7843085922271398,6.224861826747656,6.237326622009277,0.008176578143320512
gpt2:qwen7b->qwen1.5b,gpt2,qwen7b,qwen1.5b,128,512,0.10422557377023622,0.11226362071465701,5.498988080769777,5.714000500738621,5.0948147140443325,0.027767549399868585,0.021314111465471797,0.015301156604579084,2.808432634919882,37.62525516748428,0.0629504844546318,0.04916366562247276,0.14615151286125183,0.14615151286125183,2.9349014153704047,0.2643007276346907,2.670600687735714,3584,1536,0.8472978603834834,1.0,0.0,1.5,7.0,-1.5404450404233394,1.0,1.5769352514473165,2.808165017515421,0.1826777458190918,1.0,6.330691576004028,0.1070470554404892,0.0019393335451241,0.01593017578125,0.09523985534906387,2.033919085748956,6.223644472658634,6.12840461730957,0.008235287830757443
gpt2:qwen7b->qwen3b,gpt2,qwen7b,qwen3b,128,512,0.07663389726076275,0.08462626184336841,5.500192616134882,5.711482547223568,5.023845894262195,0.020513616065727547,0.037984522816259414,0.011099080753665485,1.8171540005132556,34.6122921705246,0.05838809162378311,0.04814695939421654,0.1589086353778839,0.1589086353778839,2.806918393820524,0.26509535998047795,2.5418230338400463,3584,2048,0.5596157879333301,1.0,0.0,3.0,7.0,-0.8472978601967274,1.0,1.2701074754862314,1.8170103691518307,0.033449649810791016,1.0,6.302094247192144,0.07844972482416779,0.001942471898473741,0.0134124755859375,0.059795595705509186,1.9586826003270486,6.223644472658634,6.163848876953125,0.008235287830757443
llama1b:llama1b->llama3b,llama1b,llama1b,llama3b,128,512,0.14729492890182883,0.15455847862176597,3.527732679620385,3.5306057762354612,3.3720900078769773,0.028763358684955165,0.016650099234539084,0.019247429641744102,5.311932347714901,34.068995505571365,0.06417271494865417,0.04600384086370468,0.10354672372341156,0.10354671627283096,3.0276303105056286,0.002161524089814293,3.0254687864158143,2048,3072,0.40546510810653674,1.0,0.0,3.0,1.0,1.098612288001443,2.0,1.9703016762671821,5.311932347714901,0.7527523040771484,1.0,6.341392498463392,0.12330585782183334,0.0019597179807533394,0.07329559326171875,0.08471672981977463,1.503324032343438,6.218086652457714,6.1333699226379395,0.014271343025029637
llama1b:llama1b->llama8b,llama1b,llama1b,llama8b,128,512,0.019577755461796187,0.024374418338993564,3.57643910869956,3.609862633049488,4.0168213655706495,0.005202574415307026,0.7237658118829131,0.002930404371850725,0.895670348778367,4.462735887616873,0.047761958092451096,2.7864276858080572e-11,0.8014005422592163,0.8014005422592163,2.9135442646220326,0.002161524089814293,2.9113827405322183,2048,4096,0.6931471805575039,1.0,0.0,8.0,1.0,2.0794415408048357,2.0,0.39348572647886954,0.895670348778367,0.0017995834350585938,1.0,6.238977588713169,0.02093770472856704,0.001953071450770949,0.07621002197265625,0.01965862140059471,1.2141925101461417,6.218039933592081,6.237698554992676,0.0141828921623528
llama1b:llama1b->mistral7b,llama1b,llama1b,mistral7b,128,512,0.032359758304664865,0.037772313196910545,3.447391664609313,3.453263284638524,5.234612148022279,0.00560627007871517,0.5797058846801519,0.004541160744339299,0.5993093797005713,30.909092649817467,0.04879947751760483,0.04660823941230774,0.1115332543849945,0.11153324693441391,2.5233965599909425,0.002161524089814293,2.521235035901128,2048,4096,0.6931471805575039,0.0,1.0,7.0,1.0,1.9459101481981704,2.0,0.5995339353654137,0.5993093797005713,0.0007534027099609375,1.0,6.238870766013861,0.02257747494149953,0.0019538555116014322,0.071533203125,0.02108197659254074,1.2342442985897781,6.216293282806873,6.237375259399414,0.014203306767740287
llama1b:llama1b->qwen1.5b,llama1b,llama1b,qwen1.5b,128,512,0.08386622864054516,0.0907073980779387,3.5133333541452885,3.517049204558134,3.411950092529878,0.01765581135987304,0.045273043389897794,0.012363115445137515,2.0088134352117777,36.97338351607323,0.06148760765790939,0.04903706535696983,0.09502331912517548,0.09502331167459488,2.9349014153704047,0.002161524089814293,2.9327398912805904,2048,1536,0.2876820724501533,0.0,1.0,1.5,1.0,0.405465107774831,1.0,1.1966423451655273,2.0088134352117777,0.06612014770507812,1.0,6.2942706272006035,0.07673736475408077,0.0019506176222421345,0.08599853515625,0.0264393649995327,1.4575986399065883,6.21753328666091,6.191093921661377,0.014313977066194639
llama1b:llama1b->qwen3b,llama1b,llama1b,qwen3b,128,512,0.05886480541084893,0.06540185591438785,3.5133333317935467,3.5169014148414135,3.335491966223344,0.012967991511686705,0.08902543399017304,0.00857772119932377,1.276224510744214,37.553040355443954,0.05605114996433258,0.04735105484724045,0.09355656802654266,0.09355656057596207,2.806918393820524,0.002161524089814293,2.80475686973071,2048,2048,0.0,0.0,1.0,3.0,1.0,1.098612288001443,2.0,0.929463917422827,1.276224510744214,0.012844562530517578,1.0,6.272414349019527,0.054881033283891156,0.0019509734356688568,0.0785369873046875,0.008621390908956528,1.3650276687362863,6.21753328666091,6.208911895751953,0.014313977066194639
llama1b:llama1b->qwen7b,llama1b,llama1b,qwen7b,128,512,0.01799921727797482,0.022589714237255976,3.5133333392441273,3.5200657416135073,3.61622954509221,0.0055146830272860825,0.7592766680754721,0.002760149832058881,0.17509977286681533,21.153803527355194,0.05401451885700226,0.05000661313533783,0.16608518362045288,0.1660851687192917,2.7019879138097167,0.002161524089814293,2.6998263897199024,2048,3584,0.55961578793333,0.0,1.0,7.0,1.0,1.9459101481981704,2.0,0.330604539526262,0.17509977286681533,3.814697265625e-06,1.0,6.239684034138918,0.02215078499284573,0.0019532417854861706,0.04793548583984375,0.019372764974832535,1.3280158875447758,6.21753328666091,6.236906051635742,0.014313977066194639
llama1b:llama3b->llama1b,llama1b,llama3b,llama1b,128,512,0.1253049400402233,0.13216088362969458,3.8466859441250563,3.8472028598189354,4.00232862267876,0.02180638475692831,0.018918678470072336,0.017333441037449243,3.7506910767406225,39.95198357105255,0.06511299312114716,0.04729097709059715,0.0962827205657959,0.0962827205657959,3.2864207942038774,0.0017785590489580727,3.2846422351549194,3072,2048,0.4054651081065368,1.0,0.0,1.0,3.0,-1.098612288001443,1.0,1.6935148393797468,3.7506910767406225,0.45610904693603516,1.0,6.315793938934803,0.09161906561348587,0.0019934066385758342,0.15792083740234375,0.08314933255314827,1.6168519296524364,6.224174875766039,6.141025543212891,0.012926397866976913
llama1b:llama3b->llama8b,llama1b,llama3b,llama8b,128,512,0.015319436934078112,0.019270361197413877,3.8958292454481125,3.921213088557124,4.4914172846474685,0.003941588536690688,0.7178376442752779,0.0023167712113033286,3.1065429747104645,4.861275915056467,0.047761958092451096,2.7864276858080572e-11,0.8014005422592163,0.8014005422592163,2.9135442646220326,0.0017785590489580727,2.9117657055730746,3072,4096,0.2876820724509672,1.0,0.0,8.0,3.0,0.9808292528033928,2.0,0.3183047215249575,3.1065429747104645,0.0019350051879882812,1.0,6.23958707600832,0.015766475982673,0.0019518848466759664,0.030029296875,0.013877950608730316,1.3184539163958438,6.2238206043839455,6.237698554992676,0.012778639364114497
llama1b:llama3b->mistral7b,llama1b,llama3b,mistral7b,128,512,0.02507758856518194,0.029916745799710043,3.783267440274358,3.78640828281641,5.709208067099098,0.003814581637925585,0.6383660342544317,0.003596728400397061,0.3740196826402098,33.92053321003914,0.04879947751760483,0.04660823941230774,0.1115332543849945,0.11153324693441391,2.5233965599909425,0.0017785590489580727,2.5216180009419844,3072,4096,0.2876820724509672,0.0,1.0,7.0,3.0,0.8472978601967275,1.0,0.4874641248616405,0.3740196826402098,3.337860107421875e-06,1.0,6.23807180300355,0.015255868216627277,0.0019553992733563064,0.04882049560546875,0.014559287577867508,1.3561902203992493,6.2228159718215466,6.237375259399414,0.012572712555993348
llama1b:llama3b->qwen1.5b,llama1b,llama3b,qwen1.5b,128,512,0.07462525431765243,0.08025913714664057,3.832576783373952,3.834010526537895,3.886546011606697,0.012706245011941064,0.03848871114314534,0.010939052371654035,1.5762146702036262,40.33301714062691,0.06148760765790939,0.04903706535696983,0.09502331912517548,0.09502331167459488,2.9349014153704047,0.0017785590489580727,2.9331228563214466,3072,1536,0.6931471805566901,0.0,1.0,1.5,3.0,-0.6931471802266119,1.0,1.0844925284473113,1.5762146702036262,0.010294914245605469,1.0,6.27896573767066,0.054932351369643584,0.0019757263762585353,0.1295318603515625,0.03293946385383606,1.5916233795608403,6.224033385515213,6.191093921661377,0.012518551164248493
llama1b:llama3b->qwen3b,llama1b,llama3b,qwen3b,128,512,0.049531363096321,0.05483099797856994,3.832576857879758,3.833816111087799,3.810087885300163,0.008660591513034888,0.07953402865678072,0.007191309897329543,0.8988067163154483,40.9653454720974,0.05605114996433258,0.04735105484724045,0.09355656802654266,0.09355656057596207,2.806918393820524,0.0017785590489580727,2.805139834771566,3072,2048,0.4054651081065368,0.0,1.0,3.0,3.0,0.0,0.0,0.7996387483061076,0.8988067163154483,0.001155853271484375,1.0,6.260490100830793,0.03645673394203186,0.001971206049347529,0.1109466552734375,0.015121489763259888,1.4990524083905385,6.224033385515213,6.208911895751953,0.012518551164248493
llama1b:llama3b->qwen7b,llama1b,llama3b,qwen7b,128,512,0.0151299691569875,0.018998290761373937,3.8325768299400806,3.83680179156363,4.090825464169029,0.003748999128220021,0.8317746203392744,0.002321327684965963,0.12363551172893494,23.075971320271492,0.05401451885700226,0.05000661313533783,0.16608518362045288,0.1660851687192917,2.7019879138097167,0.0017785590489580727,2.7002093547607586,3072,3584,0.15415067982679323,0.0,1.0,7.0,3.0,0.8472978601967275,1.0,0.28554653948540876,0.12363551172893494,0.0,1.0,6.239080108702183,0.015046764783619437,0.0019544251808838453,0.03778076171875,0.012872666120529175,1.4620406271990278,6.224033385515213,6.236906051635742,0.012518551164248493
llama1b:llama8b->llama1b,llama1b,llama8b,llama1b,128,512,0.13820755190681666,0.1468813855899498,4.2815145924687386,4.351590894162655,3.7873883948195726,0.030702284755534492,0.013280643775942735,0.019264095144489502,4.2283952087163925,43.98864847421646,0.06723786145448685,0.04718389734625816,0.09733225405216217,0.09733225405216217,3.2864207942038774,0.000750396099181927,3.2856703981046955,4096,2048,0.6931471805575039,1.0,0.0,1.0,8.0,-2.0794415408048357,1.0,1.9187577621308352,4.2283952087163925,0.6203527450561523,1.0,6.357567358762026,0.1307556563988328,0.0019337406929480494,0.0445709228515625,0.09562524780631065,1.9768910809772462,6.226811733096838,6.131186485290527,0.00931237813347252
llama1b:llama8b->llama3b,llama1b,llama8b,llama3b,128,512,0.1482839499367401,0.15667583048343658,4.281514644622803,4.3515856973826885,3.6333421275485307,0.0326205367455259,0.009941549513314385,0.019511107062405397,5.028794802725315,41.25999942421913,0.06600110232830048,0.04603511095046997,0.10376913845539093,0.10376913100481033,3.0276303105056286,0.000750396099181927,3.0268799144064467,4096,3072,0.28768207245096716,1.0,0.0,3.0,8.0,-0.9808292528033928,1.0,2.080315618394567,5.028794802725315,0.7515163421630859,1.0,6.363978385925293,0.13716666167601943,0.0019335662809680798,0.03192138671875,0.1065882109105587,1.9583260242229965,6.226811733096838,6.120223522186279,0.00931237813347252
llama1b:llama8b->mistral7b,llama1b,llama8b,mistral7b,128,512,0.03368401524494402,0.036979451862862334,4.374545309692621,4.514879003167152,5.499305407749489,0.0029882539856771473,0.5489810188300908,0.004445839318110664,0.5765525423921645,39.221894174814224,0.04879947751760483,0.04660823941230774,0.1115332543849945,0.11153324693441391,2.5233965599909425,0.000750396099181927,2.5226461638917606,4096,4096,0.0,0.0,1.0,7.0,8.0,-0.13353139260666555,0.0,0.6357228035660265,0.5765525423921645,5.7220458984375e-06,1.0,6.238969795405865,0.012002914096228778,0.001953741524630459,0.08484649658203125,0.010408353060483932,1.6502422159898582,6.22696690633893,6.237375259399414,0.009369657360366546
llama1b:llama8b->qwen1.5b,llama1b,llama8b,qwen1.5b,128,512,0.08753384748706594,0.09399756375933066,4.2356716357171535,4.2387820817530155,3.676643352257088,0.016635252264677547,0.026209654926788062,0.012811554040165095,2.1436042357236147,44.575078666210175,0.06148760765790939,0.04903706535696983,0.09502331912517548,0.09502331167459488,2.9349014153704047,0.000750396099181927,2.934151019271223,4096,1536,0.9808292530076572,0.0,1.0,1.5,8.0,-1.6739764330300049,1.0,1.3298837931611462,2.1436042357236147,0.05767107009887695,1.0,6.297647658735514,0.07208500942215323,0.0019430849333730293,0.04229736328125,0.034468717873096466,1.9003469384441745,6.225562639534473,6.191093921661377,0.009193417965434492
llama1b:llama8b->qwen3b,llama1b,llama8b,qwen3b,128,512,0.06218963107676245,0.06814025720814243,4.23567171767354,4.238622512668371,3.600185225950554,0.011683442055073101,0.049036336422432214,0.008936873741729325,1.3750789416953921,45.27391275763512,0.05605114996433258,0.04735105484724045,0.09355656802654266,0.09355656057596207,2.806918393820524,0.000750396099181927,2.8061679977213423,4096,2048,0.6931471805575039,0.0,1.0,3.0,8.0,-0.9808292528033928,1.0,1.0443819144863262,1.3750789416953921,0.007571697235107422,1.0,6.274786103516817,0.04922347274259664,0.001945554268786509,0.0290374755859375,0.016650743782520294,1.8077759672738727,6.225562639534473,6.208911895751953,0.009193417965434492
llama1b:llama8b->qwen7b,llama1b,llama8b,qwen7b,128,512,0.015428716877067927,0.01915217694477178,4.2356716096401215,4.239565454423428,3.88092280481942,0.0034322505507589085,0.6916051125153899,0.002340130442663589,0.12553570204181597,25.50300708413124,0.05401451885700226,0.05000661313533783,0.16608518362045288,0.1660851687192917,2.7019879138097167,0.000750396099181927,2.7012375177105348,4096,3584,0.13353139262417382,0.0,1.0,7.0,8.0,-0.13353139260666555,0.0,0.3030026746252955,0.12553570204181597,0.0,1.0,6.239348318427801,0.013785682931484189,0.0019538725518941646,0.05452728271484375,0.011343412101268768,1.770764186082362,6.225562639534473,6.236906051635742,0.009193417965434492
llama1b:mistral7b->llama1b,llama1b,mistral7b,llama1b,128,512,0.07908539479831234,0.08437787654111162,6.0062138848006725,6.0154069401323795,4.218993531307206,0.01421470881177811,0.044212430191691965,0.011066504004229543,1.9598311074078083,60.02696353197098,0.05816026031970978,0.04653429985046387,0.10005860030651093,0.10005860030651093,3.2864207942038774,0.014249960315225962,3.2721708338886515,4096,2048,0.6931471805575039,0.0,1.0,1.0,7.0,-1.9459101481981704,1.0,1.1686970433845192,1.9598311074078083,0.021047592163085938,1.0,6.2867309376597404,0.05941607148270123,0.0019430539196036989,0.04058074951171875,0.03283871337771416,1.4214355687276352,6.227314841002226,6.194476127624512,0.014037975597602781
llama1b:mistral7b->llama3b,llama1b,mistral7b,llama3b,128,512,0.08526844676816836,0.09054727776674554,6.006214015185833,6.015370313078165,4.080273370957002,0.015418892406160012,0.03061953508586157,0.011276006166778233,2.3695482928305864,55.27521088719368,0.05670587718486786,0.04595469310879707,0.10866017639636993,0.10866016894578934,3.0276303105056286,0.014249960315225962,3.0133803501904026,4096,3072,0.28768207245096716,0.0,1.0,3.0,7.0,-0.8472978601967274,1.0,1.2799312082401857,2.3695482928305864,0.0697636604309082,1.0,6.2915194146335125,0.06420457921922207,0.0019432835952102323,0.0450592041015625,0.03922833129763603,1.3961111234148633,6.227314841002226,6.18808650970459,0.014037975597602781
llama1b:mistral7b->llama8b,llama1b,mistral7b,llama8b,128,512,0.02753481526451651,0.031500126759056,6.0983529686927795,6.116276394575834,4.881454031681642,0.0032209216533374274,0.2962248979602009,0.0037870897218875406,1.4923462262377143,5.450447805225849,0.04798778146505356,2.6038948774953496e-11,1.1188719272613525,1.118871808052063,2.9135442646220326,0.014249960315225962,2.8992943043068067,4096,4096,0.0,0.0,1.0,8.0,7.0,0.13353139260666547,0.0,0.5078554970103898,1.4923462262377143,0.0035772323608398438,1.0,6.2402817234396935,0.012966873189725447,0.0019545228005881654,0.1143035888671875,0.008402932435274124,1.22917972172901,6.227314841002226,6.2357177734375,0.014037975597602781
llama1b:mistral7b->qwen1.5b,llama1b,mistral7b,qwen1.5b,128,512,0.04676197734079324,0.05356135172769427,6.001957204192877,6.011075027287006,4.134772594785318,0.013712231273530051,0.07220063114073128,0.007300233374990309,0.6222392674535513,57.87434732913971,0.06299355626106262,0.04985617473721504,0.10370670258998871,0.10370668768882751,2.9349014153704047,0.014249960315225962,2.9206514550551788,4096,1536,0.9808292530076572,0.0,1.0,1.5,7.0,-1.5404450404233394,1.0,0.6923893963051081,0.6222392674535513,0.0,1.0,6.285179056227207,0.05874595767818391,0.001942581982802949,0.04376220703125,0.02597697079181671,1.478327626937338,6.226433113217354,6.200456142425537,0.014363701215188485
llama1b:mistral7b->qwen3b,llama1b,mistral7b,qwen3b,128,512,0.033539055672008544,0.039645763754379004,6.00195724144578,6.011165469884872,4.057862352347001,0.009519359104160685,0.13223714765626937,0.005199704250969216,0.4177804810460657,55.7120418548584,0.05740310996770859,0.048326294869184494,0.10773177444934845,0.10773177444934845,2.806918393820524,0.014249960315225962,2.7926684335052983,4096,2048,0.6931471805575039,0.0,1.0,3.0,7.0,-0.8472978601967274,1.0,0.5524246873543716,0.4177804810460657,0.0,1.0,6.266377814114094,0.03994472447084263,0.0019445201023700065,0.04329681396484375,0.010096386075019836,1.3853936852874522,6.226433113217354,6.216336727142334,0.014363701215188485
llama1b:mistral7b->qwen7b,llama1b,mistral7b,qwen7b,128,512,0.020461391133721918,0.02479243760171812,6.098011989146471,6.1192138604819775,4.380224477266893,0.003611976160755148,0.41714701103046536,0.003029292082405068,1.2695850543677807,5.321530178189278,0.054259926080703735,0.0,1.1459132432937622,1.1459132432937622,2.7019879138097167,0.014249960315225962,2.6877379534944907,4096,3584,0.13353139262417382,0.0,1.0,7.0,7.0,0.0,0.0,0.36128131032777805,1.2695850543677807,0.0035734176635742188,1.0,6.240974109619856,0.01454102290153969,0.00195455157518154,0.08983612060546875,0.008549854159355164,1.3290811578123358,6.226433113217354,6.234982967376709,0.014363701215188485
llama1b:qwen1.5b->llama1b,llama1b,qwen1.5b,llama1b,128,512,0.11380591883789748,0.12131877738283947,5.035046745091677,5.036636557430029,5.136429951759055,0.021707703650463372,0.04367697989800945,0.01591145440880205,3.4270840045064688,55.15278831124306,0.06303035467863083,0.04704546183347702,0.09129269421100616,0.09129269421100616,3.2864207942038774,0.022663457193175418,3.263757337010702,1536,2048,0.2876820724501533,0.0,1.0,1.0,1.5,-0.4054651077748311,1.0,1.608972713721901,3.4270840045064688,0.35257720947265625,1.0,6.296524167060852,0.09040524874581024,0.001987670990274637,0.125518798828125,0.043843161314725876,1.6282587958525478,6.206118952482939,6.162275791168213,0.012371024262392893
llama1b:qwen1.5b->llama3b,llama1b,qwen1.5b,llama3b,128,512,0.1243554218672216,0.13170008908491582,5.035046644508839,5.036752641201019,4.981077530654147,0.023076310768374242,0.03482465763227083,0.01640083560007537,4.178478792309761,50.91690132021904,0.06205273047089577,0.04581158608198166,0.09888753294944763,0.09888751804828644,3.0276303105056286,0.022663457193175418,3.004966853312453,1536,3072,0.6931471805566901,0.0,1.0,3.0,1.5,0.6931471802266119,1.0,1.7695972456766662,4.178478792309761,0.5249176025390625,1.0,6.301946423947811,0.09582750650588423,0.0019865273152390728,0.1283111572265625,0.05032242462038994,1.61262688275118,6.206118952482939,6.155796527862549,0.012371024262392893
llama1b:qwen1.5b->llama8b,llama1b,qwen1.5b,llama8b,128,512,0.022009792330209166,0.027878103239345364,5.035046618431807,5.038322936743498,5.594074920983985,0.008586504234699532,0.746357215102762,0.0033516334410651914,0.33668746589682996,39.15118616819382,0.04787277802824974,0.04629664495587349,0.1286052167415619,0.1286052167415619,2.9135442646220326,0.022663457193175418,2.8908808074288572,1536,4096,0.9808292530076573,0.0,1.0,8.0,1.5,1.6739764330300049,2.0,0.46275463287165725,0.33668746589682996,0.0004367828369140625,1.0,6.240774728357792,0.03465582081116736,0.001950470041265362,0.02294921875,0.03110562637448311,1.3531894499178474,6.206118952482939,6.237224578857422,0.012371024262392893
llama1b:qwen1.5b->mistral7b,llama1b,qwen1.5b,mistral7b,128,512,0.03198037395486608,0.03862718722666614,4.986267369240522,4.989217199385166,6.8534519237000495,0.007653442917217035,0.5559528889134526,0.004643937621282033,0.6310527413152158,47.934856206178665,0.048695340752601624,0.04637666419148445,0.10402174293994904,0.10402174293994904,2.5233965599909425,0.022663457193175418,2.500733102797767,1536,4096,0.9808292530076573,0.0,1.0,7.0,1.5,1.5404450404233394,2.0,0.6450712145894156,0.6310527413152158,0.005481243133544922,1.0,6.238968599587679,0.030672983135445975,0.0019537777079676744,0.08667755126953125,0.029031023383140564,1.470995675917537,6.208295598626137,6.237326622009277,0.011185149807715788
llama1b:qwen1.5b->qwen3b,llama1b,qwen1.5b,qwen3b,128,512,0.0642116135568358,0.07210996089270338,5.057484038174152,5.058501712977886,4.985310950549319,0.017802535177906975,0.08780092844972387,0.009457516634412149,1.3614330431446433,31.82636295258999,0.05838809162378311,0.04814695939421654,0.1589086353778839,0.1589086353778839,2.806918393820524,0.022663457193175418,2.784254936627349,1536,2048,0.2876820724501533,1.0,0.0,3.0,1.5,0.6931471802266119,1.0,1.0199580844397602,1.3614330431446433,0.021355152130126953,1.0,6.279966909438372,0.06996399234049022,0.0020022277185489656,0.12587738037109375,0.046154044568538666,1.5566308379938405,6.210002921521664,6.163848876953125,0.012310843747400213
llama1b:qwen1.5b->qwen7b,llama1b,qwen1.5b,qwen7b,128,512,0.02037696519983001,0.025803812604863197,5.246603336185217,5.290766190737486,5.461657599778846,0.007396798177069286,0.7652215720154345,0.00315286808322386,19.173026621341705,3.204555630683899,0.053509436547756195,0.0,1.637232780456543,1.6372325420379639,2.7019879138097167,0.022663457193175418,2.6793244566165413,1536,3584,0.8472978603834834,1.0,0.0,7.0,1.5,1.5404450404233394,2.0,0.39203431782436327,19.173026621341705,0.007678985595703125,0.9994988441467285,6.239826511591673,0.029823600983945653,0.0019531538355295197,0.05857086181640625,0.02687261253595352,1.4693769175373521,6.210002921521664,6.236875534057617,0.012310843747400213
llama1b:qwen3b->llama1b,llama1b,qwen3b,llama1b,128,512,0.12432196765439585,0.13099167845211923,5.3970527946949005,5.399574212729931,5.574894163757563,0.020392890874063596,0.03377423944766633,0.017180094990952098,4.019059428945184,59.118122190237045,0.06303035467863083,0.04704546183347702,0.09129269421100616,0.09129269421100616,3.2864207942038774,0.027654458986091868,3.2587663352177856,2048,2048,0.0,0.0,1.0,1.0,3.0,-1.098612288001443,1.0,1.7991226234771156,4.019059428945184,0.5203075408935547,1.0,6.301850907504559,0.08643228939035907,0.001985232793231262,0.12238311767578125,0.05314284563064575,1.8634520452665038,6.215418636798859,6.162275791168213,0.009778279236343224
llama1b:qwen3b->llama3b,llama1b,qwen3b,llama3b,128,512,0.1349292688537389,0.14144392567686737,5.397052872925997,5.399640738964081,5.419541742652655,0.021623603519401513,0.02664567831379827,0.01761425210699632,4.850835785269737,54.57768800854683,0.06205273047089577,0.04581158608198166,0.09888753294944763,0.09888751804828644,3.0276303105056286,0.027654458986091868,2.9999758515195367,2048,3072,0.40546510810653674,0.0,1.0,3.0,3.0,0.0,0.0,1.9691203919051832,4.850835785269737,0.6999225616455078,1.0,6.306652806699276,0.09123418852686882,0.0019859419771819375,0.11220550537109375,0.059622108936309814,1.8478201321651355,6.215418636798859,6.155796527862549,0.009778279236343224
llama1b:qwen3b->llama8b,llama1b,qwen3b,llama8b,128,512,0.02319341634574812,0.02837201084184926,5.397052686661482,5.4011182971298695,6.0325391329824924,0.006328339302854147,0.6182079329155385,0.003411013278464318,0.3478552345186472,41.96604868769646,0.04787277802824974,0.04629664495587349,0.1286052167415619,0.1286052167415619,2.9135442646220326,0.027654458986091868,2.8858898056359408,2048,4096,0.6931471805575039,0.0,1.0,8.0,3.0,0.9808292528033928,2.0,0.49213331492432305,0.3478552345186472,0.0,1.0,6.240945242345333,0.02552663002279587,0.001950144729562453,0.03582763671875,0.021805942058563232,1.5883826993318033,6.215418636798859,6.237224578857422,0.009778279236343224
llama1b:qwen3b->mistral7b,llama1b,qwen3b,mistral7b,128,512,0.0374505840591155,0.042284208961063996,5.3478213250637054,5.351818010210991,7.291916135698557,0.00540935343815363,0.525007919408381,0.005083601548001816,0.7552883694879711,51.410608261823654,0.048695340752601624,0.04637666419148445,0.10402174293994904,0.10402174293994904,2.5233965599909425,0.027654458986091868,2.4957421010048506,2048,4096,0.6931471805575039,0.0,1.0,7.0,3.0,0.8472978601967275,1.0,0.7287316632527086,0.7552883694879711,0.0007605552673339844,1.0,6.239077277481556,0.021785965698654763,0.0019536271720426157,0.03726959228515625,0.02003537490963936,1.652450638746167,6.217291247099638,6.237326622009277,0.009329037500720005
llama1b:qwen3b->qwen1.5b,llama1b,qwen3b,qwen1.5b,128,512,0.10102226695744321,0.10833273123716936,5.423775214701891,5.425853002816439,5.495948327705264,0.024805609355098568,0.03343395786941983,0.0147653894958092,2.6905300188809633,37.11063155531883,0.0629504844546318,0.04916366562247276,0.14615151286125183,0.14615151286125183,2.9349014153704047,0.027654458986091868,2.907246956384313,2048,1536,0.2876820724501533,1.0,0.0,1.5,3.0,-0.6931471802266119,1.0,1.4933024792361604,2.6905300188809633,0.17167234420776367,1.0,6.314992669969797,0.09865594760049134,0.001996879123908002,0.1461029052734375,0.08793213218450546,1.8810800038403384,6.216336749494076,6.12840461730957,0.009595244096999522
llama1b:qwen3b->qwen7b,llama1b,qwen3b,qwen7b,128,512,0.018535871960921213,0.023209774270071648,5.605280164629221,5.639290809631348,5.900121811777353,0.006160744600492762,0.6958435918204486,0.002835912569801707,10.876780793070793,3.4236307498067617,0.053509436547756195,0.0,1.637232780456543,1.6372325420379639,2.7019879138097167,0.027654458986091868,2.674333454823625,2048,3584,0.55961578793333,1.0,0.0,7.0,3.0,0.8472978601967275,1.0,0.3677979248916655,10.876780793070793,0.007166385650634766,0.99993896484375,6.2411800138652325,0.024843264036462642,0.0019505249101712252,0.0412445068359375,0.020538784563541412,1.7185895979619425,6.216336749494076,6.236875534057617,0.009595244096999522
llama1b:qwen7b->llama1b,llama1b,qwen7b,llama1b,128,512,0.1281776261748746,0.13456361507996917,5.585279621183872,5.589903883635998,5.482383455266245,0.021208311954978853,0.02185866399668157,0.017648569105439868,4.192269191145897,61.17991843819618,0.06303035467863083,0.04704546183347702,0.09129269421100616,0.09129269421100616,3.2864207942038774,0.01923766404172511,3.2671831301621523,3584,2048,0.5596157879333301,0.0,1.0,1.0,7.0,-1.9459101481981704,1.0,1.9037839686178726,4.192269191145897,0.5829653739929199,1.0,6.316217128187418,0.09082338743610308,0.0019594788955146214,0.06168365478515625,0.06311789900064468,2.1086714096506483,6.225393690168858,6.162275791168213,0.007651822637853911
llama1b:qwen7b->llama3b,llama1b,qwen7b,llama3b,128,512,0.13879894034471363,0.14501110918354243,5.585279703140259,5.590024892240763,5.327031034161337,0.022416924068238586,0.016530111941392533,0.01805847952289849,5.050312384963036,56.48113110661507,0.06205273047089577,0.04581158608198166,0.09888753294944763,0.09888751804828644,3.0276303105056286,0.01923766404172511,3.0083926464639035,3584,3072,0.15415067982679323,0.0,1.0,3.0,7.0,-0.8472978601967274,1.0,2.08036752138168,5.050312384963036,0.7430644035339355,1.0,6.321028985083103,0.09563529293518513,0.001960065153980395,0.02960205078125,0.06959716230630875,2.0930394965492805,6.225393690168858,6.155796527862549,0.007651822637853911
llama1b:qwen7b->llama8b,llama1b,qwen7b,llama8b,128,512,0.02257165897754021,0.026700889386120252,5.5852796621620655,5.590118940919638,5.9400284244911745,0.0036299394123489037,0.5570214036852121,0.0032101033920557617,0.3088147717062384,43.42965120077133,0.04787277802824974,0.04629664495587349,0.1286052167415619,0.1286052167415619,2.9135442646220326,0.01923766404172511,2.8943066005803075,3584,4096,0.13353139262417382,0.0,1.0,8.0,7.0,0.13353139260666547,0.0,0.4808838651149779,0.3088147717062384,0.0,1.0,6.239999137818813,0.014605458905862179,0.0019520007272149087,0.036651611328125,0.0118308886885643,1.8336020637159478,6.225393690168858,6.237224578857422,0.007651822637853911
llama1b:qwen7b->mistral7b,llama1b,qwen7b,mistral7b,128,512,0.04003761048079468,0.043431344791315496,5.577672820538282,5.697898745536804,7.199405427207239,0.003715186263434589,0.4806691315025091,0.005221515479129265,0.797416350338608,53.62025746703148,0.048695340752601624,0.04637666419148445,0.10402174293994904,0.10402174293994904,2.5233965599909425,0.01923766404172511,2.5041588959492174,3584,4096,0.13353139262417382,0.0,1.0,7.0,7.0,0.0,0.0,0.7641137958177393,0.797416350338608,3.337860107421875e-05,1.0,6.239891778677702,0.014997188889537938,0.001952099584741518,0.062255859375,0.012432053685188293,1.7883631042558226,6.224894568324089,6.237326622009277,0.008143493185343686
llama1b:qwen7b->qwen1.5b,llama1b,qwen7b,qwen1.5b,128,512,0.10407993983244523,0.11187422904185951,5.807610958814621,6.013056203722954,5.403437619213946,0.027015758212655783,0.020453605553484522,0.015248083819931086,2.7951343338936567,39.73691922426224,0.0629504844546318,0.04916366562247276,0.14615151286125183,0.14615151286125183,2.9349014153704047,0.01923766404172511,2.9156637513286796,3584,1536,0.8472978603834834,1.0,0.0,1.5,7.0,-1.5404450404233394,1.0,1.5816015073172944,2.7951343338936567,0.18886470794677734,1.0,6.329696007072926,0.10471892228815705,0.001944722614098282,0.06745147705078125,0.09657247364521027,2.090240759658381,6.224977090954781,6.12840461730957,0.007784281988278963
llama1b:qwen7b->qwen3b,llama1b,qwen7b,qwen3b,128,512,0.07648852572310716,0.08414320589508861,5.8076111897826195,6.009559132158756,5.331264454056509,0.019733594308490865,0.03498183382907882,0.011035725988115055,1.8045738702639937,36.5468530356884,0.05838809162378311,0.04814695939421654,0.1589086353778839,0.1589086353778839,2.806918393820524,0.01923766404172511,2.787680729778799,3584,2048,0.5596157879333301,1.0,0.0,3.0,7.0,-0.8472978601967274,1.0,1.2715758644630535,1.8045738702639937,0.027239322662353516,1.0,6.3009043373167515,0.07592722721165046,0.0019475192657409934,0.06128692626953125,0.06112821400165558,2.015004274236474,6.224977090954781,6.163848876953125,0.007784281988278963
