pair,encoder,source,target,n_samples,n_anchors,rel_direction_l1_to_target,rel_direction_rmse_to_target,rel_magnitude_l1_to_target,rel_magnitude_rmse_to_target,memory_target_norm_gap,anchor_direction_js_to_target,target_direction_subspace_residual,capacity_normalized_direction_rmse,diagnostic_rel_direction_z2_mean,diagnostic_rel_magnitude_z_abs_mean,diagnostic_target_direction_std_mean,diagnostic_target_direction_std_min,diagnostic_target_magnitude_std_mean,diagnostic_target_magnitude_std_min,target_text_nll,source_native_nll,target_minus_source_nll,source_hidden_size,target_hidden_size,abs_log_hidden_ratio,prior_same_model_family,prior_cross_model_family,prior_target_param_b,prior_source_param_b,prior_log_param_ratio_target_over_source,prior_param_tier_jump
gpt2:llama1b->llama3b,gpt2,llama1b,llama3b,128,512,0.15030058834236115,0.1576469992287457,3.737065887078643,3.7378696985542774,3.5814232006669044,0.02848269480455201,0.016853879089467227,0.019632048354415278,5.545786309987307,36.090625643730164,0.06417271494865417,0.04600384086370468,0.10354672372341156,0.10354671627283096,3.0276303105056286,1.2183040734380484,1.8093262370675802,2048,3072,0.40546510810653674,1.0,0.0,3.0,1.0,1.098612288001443,2.0
gpt2:llama1b->mistral7b,gpt2,llama1b,mistral7b,128,512,0.034228125790832564,0.04000416348571889,3.653576446697116,3.657151995226741,5.440796946408227,0.005576528146775672,0.6059842281974852,0.0048094840229784205,0.6724397712387145,32.757734060287476,0.04879947751760483,0.04660823941230774,0.1115332543849945,0.11153324693441391,2.5233965599909425,1.221629844745621,1.3017667152453214,2048,4096,0.6931471805575039,0.0,1.0,7.0,1.0,1.9459101481981704,2.0
gpt2:llama1b->qwen1.5b,gpt2,llama1b,qwen1.5b,128,512,0.08669969416223466,0.09357011591782793,3.7192020155489445,3.7208177763968706,3.617818773025647,0.016675637030857615,0.04312073427718133,0.012753294326809274,2.1503944378346205,39.13989055156708,0.06148760765790939,0.04903706535696983,0.09502331912517548,0.09502331167459488,2.9349014153704047,1.2200796571560204,1.7148217582143843,2048,1536,0.2876820724501533,0.0,1.0,1.5,1.0,0.405465107774831,1.0
gpt2:llama1b->qwen3b,gpt2,llama1b,qwen3b,128,512,0.06161586323287338,0.06821103376569226,3.7204465232789516,3.721910571679473,3.542605156544596,0.012120864827011246,0.08257777336984873,0.008946156377055531,1.3967737890779972,39.76681607961655,0.05605114996433258,0.04735105484724045,0.09355656802654266,0.09355656057596207,2.806918393820524,1.2126187006942928,1.5942996931262314,2048,2048,0.0,0.0,1.0,3.0,1.0,1.098612288001443,2.0
gpt2:llama1b->qwen7b,gpt2,llama1b,qwen7b,128,512,0.019456431837170385,0.02432459189731162,3.7193366661667824,3.7238013055175543,3.822232882725075,0.005194682824367192,0.7468962636776268,0.0029721278248635817,0.20353101950604469,22.394151002168655,0.05401451885700226,0.05000661313533783,0.16608518362045288,0.1660851687192917,2.7019879138097167,1.2167668133042753,1.4852211005054414,2048,3584,0.55961578793333,0.0,1.0,7.0,1.0,1.9459101481981704,2.0
gpt2:llama3b->llama1b,gpt2,llama3b,llama1b,128,512,0.13785509171430022,0.14507393585518003,4.014034237712622,4.014558736234903,4.1696768428664654,0.025456960720475763,0.01731770763581153,0.019027040710943435,4.520741432905197,41.69007566571236,0.06511299312114716,0.04729097709059715,0.0962827205657959,0.0962827205657959,3.2864207942038774,0.8902723609935492,2.396148433210328,3072,2048,0.4054651081065368,1.0,0.0,1.0,3.0,-1.098612288001443,1.0
gpt2:llama3b->llama8b,gpt2,llama3b,llama8b,128,512,0.018173894350184128,0.02236720254586544,4.064548058435321,4.087439049035311,4.660797783173621,0.003512576200591866,0.7566205798648298,0.002689087682622466,0.6352827728260309,5.071805935353041,0.047761958092451096,2.7864276858080572e-11,0.8014005422592163,0.8014005422592163,2.9135442646220326,0.8927673539146781,2.0207769107073545,3072,4096,0.2876820724509672,1.0,0.0,8.0,3.0,0.9808292528033928,2.0
gpt2:llama3b->mistral7b,gpt2,llama3b,mistral7b,128,512,0.033319063441012986,0.03702594980131835,3.9507219716906548,3.953742468729615,5.87666265736334,0.003382626349775819,0.6114718895405531,0.004451429513545833,0.5782481725327671,35.421920359134674,0.04879947751760483,0.04660823941230774,0.1115332543849945,0.11153324693441391,2.5233965599909425,0.8955646273680031,1.6278319326229393,3072,4096,0.2876820724509672,0.0,1.0,7.0,3.0,0.8472978601967275,1.0
gpt2:llama3b->qwen1.5b,gpt2,llama3b,qwen1.5b,128,512,0.08691429678583518,0.09292051318334416,3.999895252287388,4.0013370886445045,4.053864435525611,0.015421130097820424,0.031094400736037642,0.012664755643415453,2.1118385326117277,42.09383189678192,0.06148760765790939,0.04903706535696983,0.09502331912517548,0.09502331167459488,2.9349014153704047,0.8912594327703118,2.043641982600093,3072,1536,0.6931471805566901,0.0,1.0,1.5,3.0,-0.6931471802266119,1.0
gpt2:llama3b->qwen3b,gpt2,llama3b,qwen3b,128,512,0.06169667124049738,0.06722128391265869,3.9983757324516773,3.999619258567691,3.975886825239286,0.010841250303201377,0.057907126494683325,0.008816346631174513,1.3494830587878823,42.73752421140671,0.05605114996433258,0.04735105484724045,0.09355656802654266,0.09355656057596207,2.806918393820524,0.8881798612419516,1.9187385325785726,3072,2048,0.4054651081065368,0.0,1.0,3.0,3.0,0.0,0.0
gpt2:llama3b->qwen7b,gpt2,llama3b,qwen7b,128,512,0.0162619498296408,0.020231255097314715,4.000780235975981,4.004904670640826,4.259028900181875,0.003826038640909246,0.6783632528968155,0.0024719788295107163,0.1407296721590683,24.08872528374195,0.05401451885700226,0.05000661313533783,0.16608518362045288,0.1660851687192917,2.7019879138097167,0.8961898628622293,1.8057980509474874,3072,3584,0.15415067982679323,0.0,1.0,7.0,3.0,0.8472978601967275,1.0
gpt2:llama8b->llama1b,gpt2,llama8b,llama1b,128,512,0.13484724704176188,0.14381694910116494,4.350877568125725,4.4200597777962685,3.856751402374357,0.03137297047942411,0.012605524949321989,0.018862181751263477,4.035336639732122,44.70128974318504,0.06723786145448685,0.04718389734625816,0.09733225405216217,0.09733225405216217,3.2864207942038774,0.6899590862449259,2.5964617079589516,4096,2048,0.6931471805575039,1.0,0.0,1.0,8.0,-2.0794415408048357,1.0
gpt2:llama8b->llama3b,gpt2,llama8b,llama3b,128,512,0.1448831189190969,0.15359264984726906,4.348465573042631,4.417702242732048,3.7002930464223027,0.03340023785131052,0.009784934962226544,0.01912715334536185,4.811781771481037,41.90519031882286,0.06600110232830048,0.04603511095046997,0.10376913845539093,0.10376913100481033,3.0276303105056286,0.6838191320421174,2.343811178463511,4096,3072,0.28768207245096716,1.0,0.0,3.0,8.0,-0.9808292528033928,1.0
gpt2:llama8b->mistral7b,gpt2,llama8b,mistral7b,128,512,0.030153724699630402,0.03374319992144592,4.4437004663050175,4.582140877842903,5.568460621871054,0.0029973766322655138,0.5698420172557235,0.00405676226586505,0.47983737918548286,39.8419354557991,0.04879947751760483,0.04660823941230774,0.1115332543849945,0.11153324693441391,2.5233965599909425,0.6800398378400132,1.8433567221509293,4096,4096,0.0,0.0,1.0,7.0,8.0,-0.13353139260666555,0.0
gpt2:llama8b->qwen1.5b,gpt2,llama8b,qwen1.5b,128,512,0.08514476357959211,0.09148737316718325,4.304726094007492,4.30802833288908,3.74569781543687,0.016900069647817872,0.02569520313409157,0.012469423445113176,2.0262156492099166,45.301789462566376,0.06148760765790939,0.04903706535696983,0.09502331912517548,0.09502331167459488,2.9349014153704047,0.68136599031277,2.2535354250576347,4096,1536,0.9808292530076572,0.0,1.0,1.5,8.0,-1.6739764330300049,1.0
gpt2:llama8b->qwen3b,gpt2,llama8b,qwen3b,128,512,0.059926969872321934,0.06578528066165745,4.301850646734238,4.305016487836838,3.6663641463965178,0.01198750294133788,0.04880323799443431,0.008628008924909187,1.2775998832657933,45.98128101229668,0.05605114996433258,0.04735105484724045,0.09355656802654266,0.09355656057596207,2.806918393820524,0.6806511259637773,2.126267267856747,4096,2048,0.6931471805575039,0.0,1.0,3.0,8.0,-0.9808292528033928,1.0
gpt2:llama8b->qwen7b,gpt2,llama8b,qwen7b,128,512,0.014344060342409648,0.017921437160111964,4.30266322940588,4.306752510368824,3.9479144422803074,0.003444449068410904,0.6896740323863924,0.002189751107437894,0.11013621307210997,25.906364232301712,0.05401451885700226,0.05000661313533783,0.16608518362045288,0.1660851687192917,2.7019879138097167,0.6768322002608329,2.025155713548884,4096,3584,0.13353139262417382,0.0,1.0,7.0,8.0,-0.13353139260666555,0.0
gpt2:mistral7b->llama1b,gpt2,mistral7b,llama1b,128,512,0.08443769079167396,0.08936880237888545,5.397156171500683,5.399884644895792,3.609935806132853,0.013259837025543675,0.052162976877298206,0.011721084363829206,2.2281484082341194,53.939953088760376,0.05816026031970978,0.04653429985046387,0.10005860030651093,0.10005860030651093,3.2864207942038774,0.6214750519720837,2.6649457422317937,4096,2048,0.6931471805575039,0.0,1.0,1.0,7.0,-1.9459101481981704,1.0
gpt2:mistral7b->llama3b,gpt2,mistral7b,llama3b,128,512,0.09065693651791662,0.09566445974633098,5.397676434367895,5.400337427854538,3.4717357277404517,0.01450333545653848,0.03368239809060469,0.011913257522992094,2.675115618854761,49.674836456775665,0.05670587718486786,0.04595469310879707,0.10866017639636993,0.10866016894578934,3.0276303105056286,0.6245750396046788,2.40305527090095,4096,3072,0.28768207245096716,0.0,1.0,3.0,7.0,-0.8472978601967274,1.0
gpt2:mistral7b->llama8b,gpt2,mistral7b,llama8b,128,512,0.03308749251300469,0.0365756316750776,5.494557075202465,5.512543190270662,4.272903839591891,0.003269132865170832,0.2750666083302349,0.004397290202916688,1.4833699041046202,4.910800751298666,0.04798778146505356,2.6038948774953496e-11,1.1188719272613525,1.118871808052063,2.9135442646220326,0.6255245816428214,2.288019682979211,4096,4096,0.0,0.0,1.0,8.0,7.0,0.13353139260666547,0.0
gpt2:mistral7b->qwen1.5b,gpt2,mistral7b,qwen1.5b,128,512,0.05123752821236849,0.057357217388926074,5.393793676048517,5.396442148834467,3.526609092252329,0.01265272234013537,0.06189996199100278,0.007817597188509901,0.7299839803017676,52.01008281111717,0.06299355626106262,0.04985617473721504,0.10370670258998871,0.10370668768882751,2.9349014153704047,0.6252910429611802,2.3096103724092245,4096,1536,0.9808292530076572,0.0,1.0,1.5,7.0,-1.5404450404233394,1.0
gpt2:mistral7b->qwen3b,gpt2,mistral7b,qwen3b,128,512,0.03752950154012069,0.042943594307871535,5.395286336541176,5.398020714521408,3.451191487722099,0.008609990829427261,0.10333651106338948,0.005632228231443101,0.5024797352962196,50.080733478069305,0.05740310996770859,0.048326294869184494,0.10773177444934845,0.10773177444934845,2.806918393820524,0.627547481097281,2.1793709127232432,4096,2048,0.6931471805575039,0.0,1.0,3.0,7.0,-0.8472978601967274,1.0
gpt2:mistral7b->qwen7b,gpt2,mistral7b,qwen7b,128,512,0.024828221707139164,0.02875258326821495,5.4908680990338326,5.512986540794373,3.768299943767488,0.0033840985997812822,0.345958037301898,0.003513166968183069,1.1964518907479942,4.791696086525917,0.054259926080703735,0.0,1.1459132432937622,1.1459132432937622,2.7019879138097167,0.6227003610692918,2.079287552740425,4096,3584,0.13353139262417382,0.0,1.0,7.0,7.0,0.0,0.0
gpt2:qwen1.5b->llama1b,gpt2,qwen1.5b,llama1b,128,512,0.11086279310984537,0.11794751131674275,5.095731273293495,5.096885040402412,5.197114478331059,0.020189501767163165,0.04026684066047892,0.015469299060159154,3.226482292637229,55.81751325726509,0.06303035467863083,0.04704546183347702,0.09129269421100616,0.09129269421100616,3.2864207942038774,1.5091875735670328,1.7772332206368446,1536,2048,0.2876820724501533,0.0,1.0,1.0,1.5,-0.4054651077748311,1.0
gpt2:qwen1.5b->llama3b,gpt2,qwen1.5b,llama3b,128,512,0.12131451832829043,0.12832118314690888,5.096197538077831,5.097482547163963,5.042228486854583,0.021424015023512766,0.033242778066778556,0.0159800547093226,3.956298353150487,51.535290360450745,0.06205273047089577,0.04581158608198166,0.09888753294944763,0.09888751804828644,3.0276303105056286,1.501953492872417,1.5256768176332116,1536,3072,0.6931471805566901,0.0,1.0,3.0,1.5,0.6931471802266119,1.0
gpt2:qwen1.5b->llama8b,gpt2,qwen1.5b,llama8b,128,512,0.020490656184847467,0.025829406280536205,5.096834596246481,5.099659349769354,5.655862899962813,0.0076929056049266364,0.7384480708278716,0.0031053296958354075,0.28790124924853444,39.63163307309151,0.04787277802824974,0.04629664495587349,0.1286052167415619,0.1286052167415619,2.9135442646220326,1.5070563512854278,1.4064879133366048,1536,4096,0.9808292530076573,0.0,1.0,8.0,1.5,1.6739764330300049,2.0
gpt2:qwen1.5b->mistral7b,gpt2,qwen1.5b,mistral7b,128,512,0.029601628077216446,0.036103904130868614,5.048984594643116,5.051475569605827,6.916169147472829,0.007830343311070465,0.6028018388897181,0.004340576953859952,0.5496280919760466,48.53778055310249,0.048695340752601624,0.04637666419148445,0.10402174293994904,0.10402174293994904,2.5233965599909425,1.5054834121838212,1.0179131478071213,1536,4096,0.9808292530076573,0.0,1.0,7.0,1.5,1.5404450404233394,2.0
gpt2:qwen1.5b->qwen3b,gpt2,qwen1.5b,qwen3b,128,512,0.06255137681728229,0.07098672818392515,5.120383195579052,5.120959274470806,5.048210098408163,0.01858214900130406,0.08706912881461903,0.009310200065437823,1.3010758720338345,32.2221806794405,0.05838809162378311,0.04814695939421654,0.1589086353778839,0.1589086353778839,2.806918393820524,1.5026097535155714,1.3043086403049529,1536,2048,0.2876820724501533,1.0,0.0,3.0,1.5,0.6931471802266119,1.0
gpt2:qwen1.5b->qwen7b,gpt2,qwen1.5b,qwen7b,128,512,0.020198598387651145,0.025375376353622414,5.307240262627602,5.34929832816124,5.523257055785507,0.00742883761995472,0.828664222266525,0.003100519114375026,9.730951618403196,3.2415918707847595,0.053509436547756195,0.0,1.637232780456543,1.6372325420379639,2.7019879138097167,1.5083437147550285,1.1936441990546882,1536,3584,0.8472978603834834,1.0,0.0,7.0,1.5,1.5404450404233394,2.0
gpt2:qwen3b->llama1b,gpt2,qwen3b,llama1b,128,512,0.131936714053154,0.13897784519940615,5.2868071384727955,5.288742318749428,5.464648539666086,0.023253008374013007,0.029044717812212184,0.018227513460226264,4.510613963007927,57.91051599383354,0.06303035467863083,0.04704546183347702,0.09129269421100616,0.09129269421100616,3.2864207942038774,1.3327379645779729,1.9536828296259046,2048,2048,0.0,0.0,1.0,1.0,3.0,-1.098612288001443,1.0
gpt2:qwen3b->llama3b,gpt2,qwen3b,llama3b,128,512,0.14255354169290513,0.14946609979961067,5.2868762165308,5.288866654038429,5.309365093242377,0.02467170447926037,0.022366519333445467,0.018613267064818098,5.3989994786679745,53.46352717280388,0.06205273047089577,0.04581158608198166,0.09888753294944763,0.09888751804828644,3.0276303105056286,1.3382224407978356,1.689407869707793,2048,3072,0.40546510810653674,0.0,1.0,3.0,3.0,0.0,0.0
gpt2:qwen3b->llama8b,gpt2,qwen3b,llama8b,128,512,0.027333447826094925,0.03273535630432889,5.286026392132044,5.289538353681564,5.921512857079506,0.0058169816293229815,0.634107565972954,0.003935594683497891,0.4651940162293613,41.10273835062981,0.04787277802824974,0.04629664495587349,0.1286052167415619,0.1286052167415619,2.9135442646220326,1.3356725722551346,1.577871692366898,2048,4096,0.6931471805575039,0.0,1.0,8.0,3.0,0.9808292528033928,2.0
gpt2:qwen3b->mistral7b,gpt2,qwen3b,mistral7b,128,512,0.04170202964451164,0.04613990872167051,5.239110957831144,5.242569055408239,7.183205741457641,0.005169600452063605,0.5452910694293678,0.005547151458316995,0.8992474041879177,50.36553445458412,0.048695340752601624,0.04637666419148445,0.10402174293994904,0.10402174293994904,2.5233965599909425,1.3370105908252299,1.1863859691657126,2048,4096,0.6931471805575039,0.0,1.0,7.0,3.0,0.8472978601967275,1.0
gpt2:qwen3b->qwen1.5b,gpt2,qwen3b,qwen1.5b,128,512,0.10895750776398927,0.11651479627471417,5.3155216835439205,5.317033112049103,5.387694757897407,0.02739275673229713,0.02889238415809814,0.015880577636823604,3.1041105426847935,36.36993736028671,0.0629504844546318,0.04916366562247276,0.14615151286125183,0.14615151286125183,2.9349014153704047,1.3381421072408557,1.596759308129549,2048,1536,0.2876820724501533,1.0,0.0,1.5,3.0,-0.6931471802266119,1.0
gpt2:qwen3b->qwen7b,gpt2,qwen3b,qwen7b,128,512,0.020981248788302764,0.025924352506990544,5.497141186147928,5.5331081710755825,5.7902663461863995,0.005910141800995916,0.6314636659808457,0.003167596387757455,1.9088143343105912,3.3575808946043253,0.053509436547756195,0.0,1.637232780456543,1.6372325420379639,2.7019879138097167,1.341223044320941,1.3607648694887757,2048,3584,0.55961578793333,1.0,0.0,7.0,3.0,0.8472978601967275,1.0
gpt2:qwen7b->llama1b,gpt2,qwen7b,llama1b,128,512,0.12850111268926412,0.1351312337210402,5.896605368703604,5.899280454963446,5.793709200806916,0.021679184093954973,0.021353529547923245,0.017723014614402482,4.217925012111664,64.59011372923851,0.06303035467863083,0.04704546183347702,0.09129269421100616,0.09129269421100616,3.2864207942038774,1.0445989756844938,2.2418218185193837,3584,2048,0.5596157879333301,0.0,1.0,1.0,7.0,-1.9459101481981704,1.0
gpt2:qwen7b->llama3b,gpt2,qwen7b,llama3b,128,512,0.1391781735001132,0.14564276114106178,5.897417511790991,5.900227252393961,5.63916878355667,0.02309958907426335,0.01560076709574787,0.018137140213135845,5.080970589071512,59.63762357831001,0.06205273047089577,0.04581158608198166,0.09888753294944763,0.09888751804828644,3.0276303105056286,1.0482289481442422,1.9794013623613864,3584,3072,0.15415067982679323,0.0,1.0,3.0,7.0,-0.8472978601967274,1.0
gpt2:qwen7b->llama8b,gpt2,qwen7b,llama8b,128,512,0.02276776367216371,0.027027741103665903,5.896900996565819,5.8997887670993805,6.251649777870625,0.003605334592066356,0.565145440865308,0.0032493990047231794,0.3157367561943829,45.852735966444016,0.04787277802824974,0.04629664495587349,0.1286052167415619,0.1286052167415619,2.9135442646220326,1.0417675874195993,1.8717766772024333,3584,4096,0.13353139262417382,0.0,1.0,8.0,7.0,0.13353139260666547,0.0
gpt2:qwen7b->mistral7b,gpt2,qwen7b,mistral7b,128,512,0.038740412826882675,0.04197668650886044,5.889802675694227,6.002123363316059,7.511535252444446,0.00331931009714026,0.485155618051067,0.005046629788272153,0.7453017393127084,56.62087833881378,0.048695340752601624,0.04637666419148445,0.10402174293994904,0.10402174293994904,2.5233965599909425,1.0427388495299965,1.480657710460946,3584,4096,0.13353139262417382,0.0,1.0,7.0,7.0,0.0,0.0
gpt2:qwen7b->qwen1.5b,gpt2,qwen7b,qwen1.5b,128,512,0.10522462177323177,0.1126623855670914,6.117066644132137,6.310879711061716,5.712893273681402,0.02643273869762197,0.020082977585843764,0.01535550692231032,2.8532962426543236,41.85428082942963,0.0629504844546318,0.04916366562247276,0.14615151286125183,0.14615151286125183,2.9349014153704047,1.0397558119148016,1.8951456034556031,3584,1536,0.8472978603834834,1.0,0.0,1.5,7.0,-1.5404450404233394,1.0
gpt2:qwen7b->qwen3b,gpt2,qwen7b,qwen3b,128,512,0.0776693974621594,0.08489756274502724,6.119910329580307,6.310267265886068,5.643563598860055,0.01930572057608515,0.03565154134412296,0.011134662977793816,1.8514712825417519,38.51212826371193,0.05838809162378311,0.04814695939421654,0.1589086353778839,0.1589086353778839,2.806918393820524,1.0391415494959801,1.767776844324544,3584,2048,0.5596157879333301,1.0,0.0,3.0,7.0,-0.8472978601967274,1.0
llama1b:llama1b->llama3b,llama1b,llama1b,llama3b,128,512,0.15365938609465957,0.16103390918578953,3.9288302045315504,3.929093534126878,3.773187499959022,0.0295032822759822,0.015583218912070151,0.020053825999242218,5.788800813257694,37.942584961652756,0.06417271494865417,0.04600384086370468,0.10354672372341156,0.10354671627283096,3.0276303105056286,0.2051085352213704,2.822521775284258,2048,3072,0.40546510810653674,1.0,0.0,3.0,1.0,1.098612288001443,2.0
llama1b:llama1b->llama8b,llama1b,llama1b,llama8b,128,512,0.02350478466541972,0.028830768962507136,3.9759698137640953,3.999958984553814,4.417918857652694,0.005215991757722804,0.7277087061665952,0.0034661672839343565,1.0415876214392483,4.961276531219482,0.047761958092451096,2.7864276858080572e-11,0.8014005422592163,0.8014005422592163,2.9135442646220326,0.2051085352213704,2.7084357294006622,2048,4096,0.6931471805575039,1.0,0.0,8.0,1.0,2.0794415408048357,2.0
llama1b:llama1b->mistral7b,llama1b,llama1b,mistral7b,128,512,0.036777654371690005,0.04202293770504184,3.8484891429543495,3.851386396214366,5.635709640104324,0.005183331777516287,0.5995198981836438,0.005052190319219325,0.7418980882503092,34.50530889630318,0.04879947751760483,0.04660823941230774,0.1115332543849945,0.11153324693441391,2.5233965599909425,0.2051085352213704,2.318288024769572,2048,4096,0.6931471805575039,0.0,1.0,7.0,1.0,1.9459101481981704,2.0
llama1b:llama1b->qwen1.5b,llama1b,llama1b,qwen1.5b,128,512,0.09032143093645573,0.09723209484945983,3.9144308269023895,3.915441608056426,3.8130475846119225,0.0180876039667055,0.04073563180281781,0.013252409826192533,2.319139873608947,41.19442689418793,0.06148760765790939,0.04903706535696983,0.09502331912517548,0.09502331167459488,2.9349014153704047,0.2051085352213704,2.7297928801490343,2048,1536,0.2876820724501533,0.0,1.0,1.5,1.0,0.405465107774831,1.0
llama1b:llama1b->qwen3b,llama1b,llama1b,qwen3b,128,512,0.06510104218614288,0.07170563231920823,3.9144308231770992,3.915308840572834,3.7365894583053887,0.013242392495158128,0.0762943968293257,0.009404487286423896,1.5429723346605897,41.84026038646698,0.05605114996433258,0.04735105484724045,0.09355656802654266,0.09355656057596207,2.806918393820524,0.2051085352213704,2.601809858599154,2048,2048,0.0,0.0,1.0,3.0,1.0,1.098612288001443,2.0
llama1b:llama1b->qwen7b,llama1b,llama1b,qwen7b,128,512,0.020529389090370387,0.025704729225253686,3.9144308250397444,3.9181514754891396,4.017327037174255,0.0055838295847934205,0.7119603203609586,0.003140761468207988,0.22666120307985693,23.568814158439636,0.05401451885700226,0.05000661313533783,0.16608518362045288,0.1660851687192917,2.7019879138097167,0.2051085352213704,2.4968793785883463,2048,3584,0.55961578793333,0.0,1.0,7.0,1.0,1.9459101481981704,2.0
llama1b:llama3b->llama1b,llama1b,llama3b,llama1b,128,512,0.13205773977097124,0.1390400769887492,4.43564023450017,4.436067711561918,4.591282858047634,0.02404732686409261,0.016863425698829815,0.01823567541421452,4.148969292640686,46.068909376859665,0.06511299312114716,0.04729097709059715,0.0962827205657959,0.0962827205657959,3.2864207942038774,0.16040556723601185,3.1260152269678656,3072,2048,0.4054651081065368,1.0,0.0,1.0,3.0,-1.098612288001443,1.0
llama1b:llama3b->llama8b,llama1b,llama3b,llama8b,128,512,0.015233514372084755,0.01909175139735453,4.482482768595219,4.499955102801323,5.080371520016342,0.003539357101544738,0.7303033620119095,0.0022952979219033527,1.3871910027228296,5.59331139177084,0.047761958092451096,2.7864276858080572e-11,0.8014005422592163,0.8014005422592163,2.9135442646220326,0.16040556723601185,2.753138697386021,3072,4096,0.2876820724509672,1.0,0.0,8.0,3.0,0.9808292528033928,2.0
llama1b:llama3b->mistral7b,llama1b,llama3b,mistral7b,128,512,0.028363546342006885,0.03253800708625931,4.3722215704619884,4.374918762594461,6.298162302467972,0.0034514659782871604,0.6257522027008235,0.003911868455311873,0.44611699134111404,39.20105943083763,0.04879947751760483,0.04660823941230774,0.1115332543849945,0.11153324693441391,2.5233965599909425,0.16040556723601185,2.3629909927549306,3072,4096,0.2876820724509672,0.0,1.0,7.0,3.0,0.8472978601967275,1.0
llama1b:llama3b->qwen1.5b,llama1b,llama3b,qwen1.5b,128,512,0.08081405656412244,0.08682716160546988,4.421531144529581,4.422753062099218,4.475500246975571,0.014938625012291595,0.03255184585577808,0.011834252171798483,1.8373767025768757,46.531014651060104,0.06148760765790939,0.04903706535696983,0.09502331912517548,0.09502331167459488,2.9349014153704047,0.16040556723601185,2.774495848134393,3072,1536,0.6931471805566901,0.0,1.0,1.5,3.0,-0.6931471802266119,1.0
llama1b:llama3b->qwen3b,llama1b,llama3b,qwen3b,128,512,0.05559807951794937,0.06113912144792266,4.4215309880673885,4.422584488987923,4.399042120669037,0.010303903014573734,0.06525168148800731,0.00801864611974269,1.1125863986089826,47.260513097047806,0.05605114996433258,0.04735105484724045,0.09355656802654266,0.09355656057596207,2.806918393820524,0.16040556723601185,2.6465128265845124,3072,2048,0.4054651081065368,0.0,1.0,3.0,3.0,0.0,0.0
llama1b:llama3b->qwen7b,llama1b,llama3b,qwen7b,128,512,0.014457717283221427,0.018118084451998584,4.421531084924936,4.425173062831163,4.679779699537903,0.0037196370049059624,0.7600641697645187,0.0022137786796318135,0.11252061143750325,26.622068613767624,0.05401451885700226,0.05000661313533783,0.16608518362045288,0.1660851687192917,2.7019879138097167,0.16040556723601185,2.541582346573705,3072,3584,0.15415067982679323,0.0,1.0,7.0,3.0,0.8472978601967275,1.0
llama1b:llama8b->llama1b,llama1b,llama8b,llama1b,128,512,0.13657718908507377,0.14534047292545438,4.952406093478203,5.01298101991415,4.458279898855835,0.030545869492925704,0.013703416654607281,0.019061998139079585,4.137822527438402,50.88144561648369,0.06723786145448685,0.04718389734625816,0.09733225405216217,0.09733225405216217,3.2864207942038774,0.34328296908643097,2.9431378251174465,4096,2048,0.6931471805575039,1.0,0.0,1.0,8.0,-2.0794415408048357,1.0
llama1b:llama8b->llama3b,llama1b,llama8b,llama3b,128,512,0.14665231783874333,0.15515781485009938,4.952406171709299,5.012976508587599,4.304233631584793,0.032580545637756586,0.010574491934676189,0.019322065999383374,4.927240248769522,47.72523105144501,0.06600110232830048,0.04603511095046997,0.10376913845539093,0.10376913100481033,3.0276303105056286,0.34328296908643097,2.6843473414191976,4096,3072,0.28768207245096716,1.0,0.0,3.0,8.0,-0.9808292528033928,1.0
llama1b:llama8b->mistral7b,llama1b,llama8b,mistral7b,128,512,0.03290056114201434,0.036260410939576104,5.045436758548021,5.167455647140741,6.170196911785752,0.002843319396561128,0.5585789983160794,0.004359392920258917,0.5544186499901116,45.23706439137459,0.04879947751760483,0.04660823941230774,0.1115332543849945,0.11153324693441391,2.5233965599909425,0.34328296908643097,2.1801135909045115,4096,4096,0.0,0.0,1.0,7.0,8.0,-0.13353139260666555,0.0
llama1b:llama8b->qwen1.5b,llama1b,llama8b,qwen1.5b,128,512,0.0868905916577205,0.09325662901392207,4.906563103199005,4.909113496541977,4.3475348562933505,0.016468646193970926,0.025437817457714118,0.01271056710868097,2.1061165183782578,51.63536188006401,0.06148760765790939,0.04903706535696983,0.09502331912517548,0.09502331167459488,2.9349014153704047,0.34328296908643097,2.5916184462839738,4096,1536,0.9808292530076572,0.0,1.0,1.5,8.0,-1.6739764330300049,1.0
llama1b:llama8b->qwen3b,llama1b,llama8b,qwen3b,128,512,0.06161545624490827,0.06742291169939563,4.906563181430101,4.908975709229708,4.271076729986817,0.011528479364642408,0.04673324266332202,0.008842790940995477,1.3433082606643438,52.44488525390625,0.05605114996433258,0.04735105484724045,0.09355656802654266,0.09355656057596207,2.806918393820524,0.34328296908643097,2.4636354247340932,4096,2048,0.6931471805575039,0.0,1.0,3.0,8.0,-0.9808292528033928,1.0
llama1b:llama8b->qwen7b,llama1b,llama8b,qwen7b,128,512,0.014897457433107775,0.018562093973741867,4.906563114374876,4.9097899086773396,4.551814308855683,0.0032487391090398887,0.6934671332128346,0.0022680304861841544,0.11796527850674465,29.54244939982891,0.05401451885700226,0.05000661313533783,0.16608518362045288,0.1660851687192917,2.7019879138097167,0.34328296908643097,2.3587049447232857,4096,3584,0.13353139262417382,0.0,1.0,7.0,8.0,-0.13353139260666555,0.0
llama1b:mistral7b->llama1b,llama1b,mistral7b,llama1b,128,512,0.0832092446507886,0.08798419986851513,5.665453035384417,5.6706483364105225,3.8782326923683286,0.012992520685656928,0.050595114182215184,0.011539488075164445,2.16024206019938,56.621350556612015,0.05816026031970978,0.04653429985046387,0.10005860030651093,0.10005860030651093,3.2864207942038774,0.07211824762725882,3.2143025465766186,4096,2048,0.6931471805575039,0.0,1.0,1.0,7.0,-1.9459101481981704,1.0
llama1b:mistral7b->llama3b,llama1b,mistral7b,llama3b,128,512,0.08938277413835749,0.0942093362682499,5.665453232824802,5.670609477907419,3.739512532018125,0.014149486894893926,0.033637993183219805,0.01173204852679749,2.5952462162822485,52.139187544584274,0.05670587718486786,0.04595469310879707,0.10866017639636993,0.10866016894578934,3.0276303105056286,0.07211824762725882,2.9555120628783698,4096,3072,0.28768207245096716,0.0,1.0,3.0,7.0,-0.8472978601967274,1.0
llama1b:mistral7b->llama8b,llama1b,mistral7b,llama8b,128,512,0.03179952871869318,0.03551894816337153,5.760254338383675,5.777540158480406,4.540693192742765,0.003459308612946188,0.26367760519497097,0.004270250864406102,1.5062768962234259,5.148269649595022,0.04798778146505356,2.6038948774953496e-11,1.1188719272613525,1.118871808052063,2.9135442646220326,0.07211824762725882,2.841426016994774,4096,4096,0.0,0.0,1.0,8.0,7.0,0.13353139260666547,0.0
llama1b:mistral7b->qwen1.5b,llama1b,mistral7b,qwen1.5b,128,512,0.049945568112889305,0.05622041065362282,5.661196351051331,5.666308846324682,3.794011755846441,0.012863714182458352,0.06493576231878251,0.007662654226798135,0.6977125336416066,54.588533878326416,0.06299355626106262,0.04985617473721504,0.10370670258998871,0.10370668768882751,2.9349014153704047,0.07211824762725882,2.862783167743146,4096,1536,0.9808292530076572,0.0,1.0,1.5,7.0,-1.5404450404233394,1.0
llama1b:mistral7b->qwen3b,llama1b,mistral7b,qwen3b,128,512,0.03634435994899832,0.04196953200153075,5.661196384578943,5.666404791176319,3.7171015134081244,0.008864700626872946,0.10896639281418175,0.005504475971545481,0.47671412816271186,52.548993557691574,0.05740310996770859,0.048326294869184494,0.10773177444934845,0.10773177444934845,2.806918393820524,0.07211824762725882,2.7348001461932654,4096,2048,0.6931471805575039,0.0,1.0,3.0,7.0,-0.8472978601967274,1.0
llama1b:mistral7b->qwen7b,llama1b,mistral7b,qwen7b,128,512,0.023513900450780056,0.027684756758389995,5.759913325309753,5.7809006832540035,4.039463638328016,0.0035584710949478904,0.34592540888115764,0.0033826933760514586,1.2192765232175589,5.026482839137316,0.054259926080703735,0.0,1.1459132432937622,1.1459132432937622,2.7019879138097167,0.07211824762725882,2.629869666182458,4096,3584,0.13353139262417382,0.0,1.0,7.0,7.0,0.0,0.0
llama1b:qwen1.5b->llama1b,llama1b,qwen1.5b,llama1b,128,512,0.12540810473728925,0.1330985720269382,5.359525483101606,5.3602165803313255,5.460908709093928,0.024654215085320175,0.03476836867048405,0.017456422710231206,4.105651844292879,58.70705711841583,0.06303035467863083,0.04704546183347702,0.09129269421100616,0.09129269421100616,3.2864207942038774,0.4810451199300587,2.8053756742738187,1536,2048,0.2876820724501533,0.0,1.0,1.0,1.5,-0.4054651077748311,1.0
llama1b:qwen1.5b->llama3b,llama1b,qwen1.5b,llama3b,128,512,0.1359176419209689,0.14350428408943117,5.359525389969349,5.360325638204813,5.30555628798902,0.026063953511766158,0.028624922982999124,0.017870832036717577,4.94226498156786,54.1981925368309,0.06205273047089577,0.04581158608198166,0.09888753294944763,0.09888751804828644,3.0276303105056286,0.4810451199300587,2.54658519057557,1536,3072,0.6931471805566901,0.0,1.0,3.0,1.5,0.6931471802266119,1.0
llama1b:qwen1.5b->llama8b,llama1b,qwen1.5b,llama8b,128,512,0.02472973190015182,0.03071948917931877,5.3595254085958,5.361801154911518,5.918553678318858,0.007464579826773843,0.6804254637099802,0.0036932378914693626,0.4093967084772885,41.67424660921097,0.04787277802824974,0.04629664495587349,0.1286052167415619,0.1286052167415619,2.9135442646220326,0.4810451199300587,2.432499144691974,1536,4096,0.9808292530076573,0.0,1.0,8.0,1.5,1.6739764330300049,2.0
llama1b:qwen1.5b->mistral7b,llama1b,qwen1.5b,mistral7b,128,512,0.03450548165710643,0.04095268918899819,5.310746103525162,5.312706150114536,7.177930681034923,0.007388885565887904,0.574912735261023,0.004923520133668118,0.709257164504379,51.054191797971725,0.048695340752601624,0.04637666419148445,0.10402174293994904,0.10402174293994904,2.5233965599909425,0.4810451199300587,2.0423514400608838,1536,4096,0.9808292530076573,0.0,1.0,7.0,1.5,1.5404450404233394,2.0
llama1b:qwen1.5b->qwen3b,llama1b,qwen1.5b,qwen3b,128,512,0.0762691335985437,0.08482454175828025,5.381962787359953,5.382119808346033,5.3097897078841925,0.022278186574112624,0.060453550424426794,0.011125085976388303,1.8705650521442294,33.86828124523163,0.05838809162378311,0.04814695939421654,0.1589086353778839,0.1589086353778839,2.806918393820524,0.4810451199300587,2.3258732738904655,1536,2048,0.2876820724501533,1.0,0.0,3.0,1.5,0.6931471802266119,1.0
llama1b:qwen1.5b->qwen7b,llama1b,qwen1.5b,qwen7b,128,512,0.020878780094790272,0.02608036382298451,5.5660120993852615,5.600980576127768,5.786136357113719,0.007312448135053273,0.7073031063191593,0.0031866588071894743,2.6692180959507823,3.3996462617069483,0.053509436547756195,0.0,1.637232780456543,1.6372325420379639,2.7019879138097167,0.4810451199300587,2.220942793879658,1536,3584,0.8472978603834834,1.0,0.0,7.0,1.5,1.5404450404233394,2.0
llama1b:qwen3b->llama1b,llama1b,qwen3b,llama1b,128,512,0.13136492448393255,0.13856116530951113,5.522407542914152,5.52299090474844,5.7002489268779755,0.023778348171617836,0.02982187259476632,0.01817286418651814,4.476774398237467,60.49123054742813,0.06303035467863083,0.04704546183347702,0.09129269421100616,0.09129269421100616,3.2864207942038774,0.3271607572387438,2.9592600369651336,2048,2048,0.0,0.0,1.0,1.0,3.0,-1.098612288001443,1.0
llama1b:qwen3b->llama3b,llama1b,qwen3b,llama3b,128,512,0.1419084530789405,0.14897249231580645,5.522407606244087,5.523055870085955,5.5448965057730675,0.02501928131096065,0.024013206595554948,0.018551797287165783,5.358567390590906,55.84533825516701,0.06205273047089577,0.04581158608198166,0.09888753294944763,0.09888751804828644,3.0276303105056286,0.3271607572387438,2.7004695532668848,2048,3072,0.40546510810653674,0.0,1.0,3.0,3.0,0.0,0.0
llama1b:qwen3b->llama8b,llama1b,qwen3b,llama8b,128,512,0.02710388190462254,0.03278932557441294,5.522407464683056,5.524500496685505,6.157893896102905,0.0061949069968250114,0.6241719271056354,0.003942083116690444,0.4668701549526304,42.94077414274216,0.04787277802824974,0.04629664495587349,0.1286052167415619,0.1286052167415619,2.9135442646220326,0.3271607572387438,2.586383507383289,2048,4096,0.6931471805575039,0.0,1.0,8.0,3.0,0.9808292528033928,2.0
llama1b:qwen3b->mistral7b,llama1b,qwen3b,mistral7b,128,512,0.042725969600724056,0.047323067468823865,5.473176069557667,5.475183986127377,7.41727089881897,0.005509712256753119,0.5367037742398679,0.005689396229742165,0.9476748630404472,52.61569079756737,0.048695340752601624,0.04637666419148445,0.10402174293994904,0.10402174293994904,2.5233965599909425,0.3271607572387438,2.1962358027521987,2048,4096,0.6931471805575039,0.0,1.0,7.0,3.0,0.8472978601967275,1.0
llama1b:qwen3b->qwen1.5b,llama1b,qwen3b,qwen1.5b,128,512,0.10886230011237785,0.11637350602541119,5.549130003899336,5.549288868904114,5.621303090825677,0.02718660897517111,0.02991009115066845,0.01586132024767543,3.099617563188076,37.96833556890488,0.0629504844546318,0.04916366562247276,0.14615151286125183,0.14615151286125183,2.9349014153704047,0.3271607572387438,2.607740658131661,2048,1536,0.2876820724501533,1.0,0.0,1.5,3.0,-0.6931471802266119,1.0
llama1b:qwen3b->qwen7b,llama1b,qwen3b,qwen7b,128,512,0.021070647897431627,0.025814118853304535,5.728676278144121,5.758154109120369,6.025476574897766,0.006037330342223868,0.6435355842113495,0.0031541273638683934,3.9989205226302147,3.4989994391798973,0.053509436547756195,0.0,1.637232780456543,1.6372325420379639,2.7019879138097167,0.3271607572387438,2.374827156570973,2048,3584,0.55961578793333,1.0,0.0,7.0,3.0,0.8472978601967275,1.0
llama1b:qwen7b->llama1b,llama1b,qwen7b,llama1b,128,512,0.12791368027683347,0.1346849538385868,6.040456868708134,6.042858932167292,5.9375607101246715,0.022633570159086958,0.019502575203659944,0.01766448318046943,4.182298548519611,66.1658319234848,0.06303035467863083,0.04704546183347702,0.09129269421100616,0.09129269421100616,3.2864207942038774,0.30537215020740405,2.9810486439964734,3584,2048,0.5596157879333301,0.0,1.0,1.0,7.0,-1.9459101481981704,1.0
llama1b:qwen7b->llama3b,llama1b,qwen7b,llama3b,128,512,0.13853426359128207,0.14512727549299598,6.040456984192133,6.042970884591341,5.7822082890197635,0.023925609042635188,0.014201772755768616,0.018072945910558916,5.0390659756958485,61.08411034941673,0.06205273047089577,0.04581158608198166,0.09888753294944763,0.09888751804828644,3.0276303105056286,0.30537215020740405,2.7222581602982245,3584,3072,0.15415067982679323,0.0,1.0,3.0,7.0,-0.8472978601967274,1.0
llama1b:qwen7b->llama8b,llama1b,qwen7b,llama8b,128,512,0.02195520600071177,0.02621825650567189,6.040456935763359,6.043057840317488,6.395205679349601,0.003545989686244866,0.5937283551320434,0.0031520790534563777,0.29804009129293263,46.968988478183746,0.04787277802824974,0.04629664495587349,0.1286052167415619,0.1286052167415619,2.9135442646220326,0.30537215020740405,2.6081721144146286,3584,4096,0.13353139262417382,0.0,1.0,8.0,7.0,0.13353139260666547,0.0
llama1b:qwen7b->mistral7b,llama1b,qwen7b,mistral7b,128,512,0.035947552969446406,0.03970220539486036,6.032850079238415,6.14233211055398,7.654582682065666,0.003735468395461794,0.509866557084024,0.00477318123629194,0.6649560700170696,57.99604704976082,0.048695340752601624,0.04637666419148445,0.10402174293994904,0.10402174293994904,2.5233965599909425,0.30537215020740405,2.2180244097835384,3584,4096,0.13353139262417382,0.0,1.0,7.0,7.0,0.0,0.0
llama1b:qwen7b->qwen1.5b,llama1b,qwen7b,qwen1.5b,128,512,0.10584395524347201,0.11384782078675926,6.262788224965334,6.452004685997963,5.858614874072373,0.028005613829009235,0.01820346634485759,0.015517077784048554,2.896368460729718,42.851339250802994,0.0629504844546318,0.04916366562247276,0.14615151286125183,0.14615151286125183,2.9349014153704047,0.30537215020740405,2.6295292651630007,3584,1536,0.8472978603834834,1.0,0.0,1.5,7.0,-1.5404450404233394,1.0
llama1b:qwen7b->qwen3b,llama1b,qwen7b,qwen3b,128,512,0.07830075162928551,0.0861804619198665,6.2627884186804295,6.448745682835579,5.786441708914936,0.020742822540341876,0.03236173608456738,0.01130292045756654,1.8969675144180655,39.411249190568924,0.05838809162378311,0.04814695939421654,0.1589086353778839,0.1589086353778839,2.806918393820524,0.30537215020740405,2.50154624361312,3584,2048,0.5596157879333301,1.0,0.0,3.0,7.0,-0.8472978601967274,1.0
