pair,encoder,source,target,mem_tokens,method,origin_target_bleu,transfer_bleu,transfer_accuracy,transfer_retention
gpt2:llama1b->llama3b,gpt2,llama1b,llama3b,32,encoder_converter,0.60671,0.598006,0.944867,0.9856537719833199
gpt2:llama1b->llama8b,gpt2,llama1b,llama8b,32,encoder_converter,0.622234,0.618879,0.964695,0.9946081377745349
gpt2:llama1b->mistral7b,gpt2,llama1b,mistral7b,32,encoder_converter,0.63911,0.610038,0.977695,0.9545117428924599
gpt2:llama1b->qwen1.5b,gpt2,llama1b,qwen1.5b,32,encoder_converter,0.330527,0.169557,0.65418,0.5129898616451909
gpt2:llama1b->qwen3b,gpt2,llama1b,qwen3b,32,encoder_converter,0.800264,0.265902,0.718938,0.3322678516089691
gpt2:llama1b->qwen7b,gpt2,llama1b,qwen7b,32,encoder_converter,0.743356,0.76397,0.931531,1.0277309929562686
gpt2:llama3b->llama1b,gpt2,llama3b,llama1b,32,encoder_converter,0.609014,0.485128,0.898602,0.7965793889795636
gpt2:llama3b->llama8b,gpt2,llama3b,llama8b,32,encoder_converter,0.622234,0.602097,0.956313,0.9676375768601524
gpt2:llama3b->mistral7b,gpt2,llama3b,mistral7b,32,encoder_converter,0.63911,0.585947,0.969125,0.9168171363302092
gpt2:llama3b->qwen1.5b,gpt2,llama3b,qwen1.5b,32,encoder_converter,0.330527,0.091486,0.591414,0.27678828053381416
gpt2:llama3b->qwen3b,gpt2,llama3b,qwen3b,32,encoder_converter,0.800264,0.359492,0.782273,0.449216758469705
gpt2:llama3b->qwen7b,gpt2,llama3b,qwen7b,32,encoder_converter,0.743356,0.713127,0.913789,0.9593344238830385
gpt2:llama8b->llama1b,gpt2,llama8b,llama1b,32,encoder_converter,0.609014,0.477232,0.890523,0.7836141697892002
gpt2:llama8b->llama3b,gpt2,llama8b,llama3b,32,encoder_converter,0.60671,0.538685,0.923594,0.8878788877717526
gpt2:llama8b->mistral7b,gpt2,llama8b,mistral7b,32,encoder_converter,0.63911,0.55122,0.955297,0.8624806371360174
gpt2:llama8b->qwen1.5b,gpt2,llama8b,qwen1.5b,32,encoder_converter,0.330527,0.128236,0.609055,0.38797435610403985
gpt2:llama8b->qwen3b,gpt2,llama8b,qwen3b,32,encoder_converter,0.800264,0.262474,0.712391,0.32798426519248647
gpt2:llama8b->qwen7b,gpt2,llama8b,qwen7b,32,encoder_converter,0.743356,0.696717,0.909633,0.9372588638552726
gpt2:mistral7b->llama1b,gpt2,mistral7b,llama1b,32,encoder_converter,0.609014,0.50589,0.905852,0.8306705592974872
gpt2:mistral7b->llama3b,gpt2,mistral7b,llama3b,32,encoder_converter,0.60671,0.563192,0.940734,0.9282721563844342
gpt2:mistral7b->llama8b,gpt2,mistral7b,llama8b,32,encoder_converter,0.622234,0.570992,0.947195,0.917648344513479
gpt2:mistral7b->qwen1.5b,gpt2,mistral7b,qwen1.5b,32,encoder_converter,0.330527,0.332177,0.759453,1.0049920278827449
gpt2:mistral7b->qwen3b,gpt2,mistral7b,qwen3b,32,encoder_converter,0.800264,0.315593,0.735914,0.394361110833425
gpt2:mistral7b->qwen7b,gpt2,mistral7b,qwen7b,32,encoder_converter,0.743356,0.757909,0.924594,1.0195774299259037
gpt2:qwen1.5b->llama1b,gpt2,qwen1.5b,llama1b,32,encoder_converter,0.609014,0.489658,0.897437,0.80401764163057
gpt2:qwen1.5b->llama3b,gpt2,qwen1.5b,llama3b,32,encoder_converter,0.60671,0.552138,0.924055,0.9100525786619638
gpt2:qwen1.5b->llama8b,gpt2,qwen1.5b,llama8b,32,encoder_converter,0.622234,0.58267,0.949859,0.9364162035504329
gpt2:qwen1.5b->mistral7b,gpt2,qwen1.5b,mistral7b,32,encoder_converter,0.63911,0.584128,0.96718,0.9139709909092332
gpt2:qwen1.5b->qwen3b,gpt2,qwen1.5b,qwen3b,32,encoder_converter,0.800264,0.2904,0.738297,0.3628802495176592
gpt2:qwen1.5b->qwen7b,gpt2,qwen1.5b,qwen7b,32,encoder_converter,0.743356,0.742717,0.918117,0.9991403849568712
gpt2:qwen3b->llama1b,gpt2,qwen3b,llama1b,32,encoder_converter,0.609014,0.39076,0.844094,0.6416272860722413
gpt2:qwen3b->llama3b,gpt2,qwen3b,llama3b,32,encoder_converter,0.60671,0.56439,0.935586,0.9302467406174284
gpt2:qwen3b->llama8b,gpt2,qwen3b,llama8b,32,encoder_converter,0.622234,0.592891,0.95732,0.9528424997669687
gpt2:qwen3b->mistral7b,gpt2,qwen3b,mistral7b,32,encoder_converter,0.63911,0.594435,0.97193,0.9300981051775126
gpt2:qwen3b->qwen1.5b,gpt2,qwen3b,qwen1.5b,32,encoder_converter,0.330527,0.268657,0.731984,0.8128140817542893
gpt2:qwen3b->qwen7b,gpt2,qwen3b,qwen7b,32,encoder_converter,0.743356,0.764172,0.93025,1.0280027335489321
gpt2:qwen7b->llama1b,gpt2,qwen7b,llama1b,32,encoder_converter,0.609014,0.489139,0.899898,0.8031654444725408
gpt2:qwen7b->llama3b,gpt2,qwen7b,llama3b,32,encoder_converter,0.60671,0.553288,0.928727,0.9119480476669249
gpt2:qwen7b->llama8b,gpt2,qwen7b,llama8b,32,encoder_converter,0.622234,0.592527,0.955078,0.9522575108399735
gpt2:qwen7b->mistral7b,gpt2,qwen7b,mistral7b,32,encoder_converter,0.63911,0.58817,0.969812,0.9202954108056516
gpt2:qwen7b->qwen1.5b,gpt2,qwen7b,qwen1.5b,32,encoder_converter,0.330527,0.057183,0.557773,0.17300553358727122
gpt2:qwen7b->qwen3b,gpt2,qwen7b,qwen3b,32,encoder_converter,0.800264,0.246763,0.704875,0.30835199384203216
llama1b:llama1b->llama3b,llama1b,llama1b,llama3b,32,encoder_converter,0.660591,0.657347,0.997406,0.9950892458419809
llama1b:llama1b->llama8b,llama1b,llama1b,llama8b,32,encoder_converter,0.660427,0.659824,0.998727,0.9990869543492316
llama1b:llama1b->mistral7b,llama1b,llama1b,mistral7b,32,encoder_converter,0.653521,0.645206,0.994844,0.9872766139114121
llama1b:llama1b->qwen1.5b,llama1b,llama1b,qwen1.5b,32,encoder_converter,0.972277,0.821557,0.968672,0.8449824484174777
llama1b:llama1b->qwen3b,llama1b,llama1b,qwen3b,32,encoder_converter,0.967572,0.305553,0.765148,0.31579355334796794
llama1b:llama1b->qwen7b,llama1b,llama1b,qwen7b,32,encoder_converter,0.956518,0.938592,0.987867,0.9812591085583334
llama1b:llama3b->llama1b,llama1b,llama3b,llama1b,32,encoder_converter,0.659995,0.639486,0.993852,0.9689255221630467
llama1b:llama3b->llama8b,llama1b,llama3b,llama8b,32,encoder_converter,0.660427,0.658109,0.998383,0.9964901495547579
llama1b:llama3b->mistral7b,llama1b,llama3b,mistral7b,32,encoder_converter,0.653521,0.654646,0.993633,1.001721444299418
llama1b:llama3b->qwen1.5b,llama1b,llama3b,qwen1.5b,32,encoder_converter,0.972277,0.663606,0.924625,0.6825277158669804
llama1b:llama3b->qwen3b,llama1b,llama3b,qwen3b,32,encoder_converter,0.967572,0.74178,0.933937,0.7666406220932396
llama1b:llama3b->qwen7b,llama1b,llama3b,qwen7b,32,encoder_converter,0.956518,0.940572,0.986648,0.9833291166501833
llama1b:llama8b->llama1b,llama1b,llama8b,llama1b,32,encoder_converter,0.659995,0.64699,0.993148,0.9802953052674641
llama1b:llama8b->llama3b,llama1b,llama8b,llama3b,32,encoder_converter,0.660591,0.653111,0.990344,0.9886768060721384
llama1b:llama8b->mistral7b,llama1b,llama8b,mistral7b,32,encoder_converter,0.653521,0.616442,0.984484,0.9432627260638908
llama1b:llama8b->qwen1.5b,llama1b,llama8b,qwen1.5b,32,encoder_converter,0.972277,0.488607,0.845352,0.5025388855233642
llama1b:llama8b->qwen3b,llama1b,llama8b,qwen3b,32,encoder_converter,0.967572,0.665024,0.913984,0.6873121586817311
llama1b:llama8b->qwen7b,llama1b,llama8b,qwen7b,32,encoder_converter,0.956518,0.931415,0.985156,0.973755851954694
llama1b:mistral7b->llama1b,llama1b,mistral7b,llama1b,32,encoder_converter,0.659995,0.580445,0.973227,0.8794687838544232
llama1b:mistral7b->llama3b,llama1b,mistral7b,llama3b,32,encoder_converter,0.660591,0.630413,0.990266,0.9543166649258013
llama1b:mistral7b->llama8b,llama1b,mistral7b,llama8b,32,encoder_converter,0.660427,0.581133,0.974789,0.8799352540099058
llama1b:mistral7b->qwen1.5b,llama1b,mistral7b,qwen1.5b,32,encoder_converter,0.972277,0.362492,0.798875,0.3728279080961496
llama1b:mistral7b->qwen3b,llama1b,mistral7b,qwen3b,32,encoder_converter,0.967572,0.773061,0.937945,0.7989699991318475
llama1b:mistral7b->qwen7b,llama1b,mistral7b,qwen7b,32,encoder_converter,0.956518,0.891276,0.974211,0.9317921879149164
llama1b:qwen1.5b->llama1b,llama1b,qwen1.5b,llama1b,32,encoder_converter,0.659995,0.638084,0.991477,0.9668012636459367
llama1b:qwen1.5b->llama3b,llama1b,qwen1.5b,llama3b,32,encoder_converter,0.660591,0.650726,0.99625,0.9850664026606478
llama1b:qwen1.5b->llama8b,llama1b,qwen1.5b,llama8b,32,encoder_converter,0.660427,0.649223,0.997328,0.9830352181240319
llama1b:qwen1.5b->mistral7b,llama1b,qwen1.5b,mistral7b,32,encoder_converter,0.653521,0.642054,0.992031,0.9824535095276203
llama1b:qwen1.5b->qwen3b,llama1b,qwen1.5b,qwen3b,32,encoder_converter,0.967572,0.705447,0.923047,0.7290899281913905
llama1b:qwen1.5b->qwen7b,llama1b,qwen1.5b,qwen7b,32,encoder_converter,0.956518,0.921195,0.985828,0.9630712647331258
llama1b:qwen3b->llama1b,llama1b,qwen3b,llama1b,32,encoder_converter,0.659995,0.346279,0.891852,0.5246691262812597
llama1b:qwen3b->llama3b,llama1b,qwen3b,llama3b,32,encoder_converter,0.660591,0.650534,0.995313,0.9847757538325528
llama1b:qwen3b->llama8b,llama1b,qwen3b,llama8b,32,encoder_converter,0.660427,0.655507,0.996664,0.9925502742922382
llama1b:qwen3b->mistral7b,llama1b,qwen3b,mistral7b,32,encoder_converter,0.653521,0.627179,0.991195,0.959692190457537
llama1b:qwen3b->qwen1.5b,llama1b,qwen3b,qwen1.5b,32,encoder_converter,0.972277,0.753535,0.945297,0.7750209045364644
llama1b:qwen3b->qwen7b,llama1b,qwen3b,qwen7b,32,encoder_converter,0.956518,0.910683,0.981766,0.9520814035909414
llama1b:qwen7b->llama1b,llama1b,qwen7b,llama1b,32,encoder_converter,0.659995,0.638793,0.990391,0.9678755142084411
llama1b:qwen7b->llama3b,llama1b,qwen7b,llama3b,32,encoder_converter,0.660591,0.651484,0.995477,0.9862138600132304
llama1b:qwen7b->llama8b,llama1b,qwen7b,llama8b,32,encoder_converter,0.660427,0.653012,0.997891,0.9887724154221437
llama1b:qwen7b->mistral7b,llama1b,qwen7b,mistral7b,32,encoder_converter,0.653521,0.630877,0.992164,0.965350769141313
llama1b:qwen7b->qwen1.5b,llama1b,qwen7b,qwen1.5b,32,encoder_converter,0.972277,0.725034,0.939961,0.7457072418662583
llama1b:qwen7b->qwen3b,llama1b,qwen7b,qwen3b,32,encoder_converter,0.967572,0.608114,0.895437,0.6284948303588778
